31.2641536995012,-6.6912719547386
31.2642797273218,-6.69134533353778
31.2642129479279,-6.69142393859295
31.2642556614529,-6.69153025559213
31.2642718020592,-6.69138477780482
31.2642889546932,-6.69139653929725
31.2642597892277,-6.69141515892052
31.2643250048171,-6.69137698308262
31.2643636598575,-6.69142693070406
31.2643280514252,-6.69134761009354
31.2642452518567,-6.69125501148464
31.2642321881289,-6.69136928324982
31.2641362252281,-6.69136636170729
31.2642193996501,-6.69139415446615
31.2643296869984,-6.69148103980364
31.2642559541552,-6.69153248686488
31.2641943865261,-6.69160828050942
31.2641862231534,-6.6915198166976
31.2641896297107,-6.6915822641035
31.2642075541146,-6.69148707909819
31.2641996762435,-6.69156652613925
31.2641846193939,-6.69154532859597
31.264080272259,-6.69170637326185
31.2640238885998,-6.69167875273882
31.2640606291151,-6.6916677171876
31.2641643329122,-6.69170211908082
31.2642536124106,-6.69181783204058
31.2642259707582,-6.691916945192
31.2641476023682,-6.69189791013614
31.2641308941245,-6.69208757252819
31.2640684414427,-6.69205776653005
31.264045757909,-6.69205010382019
31.2639724276322,-6.69203047154559
31.2639809725496,-6.69211333607478
31.2640075716141,-6.69209872865173
31.2640634833393,-6.69200033465335
31.2640427398425,-6.69204400512064
31.2641240559952,-6.69200660525667
31.2641675289929,-6.69201554290666
31.2641886776401,-6.69197401461026
31.2642513912083,-6.69192852747576
31.2642537293623,-6.6920365338915
31.2642368363186,-6.69204232141681
31.2641275842746,-6.69214432403804
31.2641415221832,-6.69227701273674
31.2641051027036,-6.69208369296087
31.2641119234892,-6.69208369508997
31.2641401821833,-6.6922556767418
31.2641668118033,-6.6923277540093
31.2641868174575,-6.69240434128254
31.2642789186291,-6.692544050239
31.2643724160334,-6.69244182587514
31.264329345229,-6.69268034184425
31.2643454528771,-6.69271349495444
31.2643496486973,-6.69270003077816
31.2643031780797,-6.69274944509069
31.2643602677182,-6.69285083951719
31.2644465989499,-6.69280817794519
31.2643321125902,-6.69279303963308
31.2642924150574,-6.69293172375128
31.2642996336964,-6.69306560020495
31.2643310299714,-6.69311837129486
31.26430414509,-6.69317296073792
31.2643448589241,-6.69318516991102
31.2643422486681,-6.69319771771939
31.2643780857796,-6.69326430897701
31.2644517662003,-6.69337131574175
31.2645106038074,-6.69343622366803
31.2644370264611,-6.69350540988541
31.2643782843246,-6.69342813997625
31.2643900221458,-6.69336988760689
31.2644390528612,-6.69341274032172
31.2644412237361,-6.69357299193836
31.2645208209423,-6.6933407349362
31.2645763726724,-6.69330523375452
31.2644994453526,-6.69328046615889
31.2644859507942,-6.69334231809447
31.2644075486144,-6.6933577714357
31.2644471258315,-6.69332791829571
31.2643962670617,-6.69338754797458
31.2644092035541,-6.6934057323013
31.2643957185421,-6.69337843238771
31.2642587276142,-6.69337481682917
31.2642944883066,-6.69335371886382
31.2643066178736,-6.69338646309261
31.2641879892872,-6.69353036279034
31.2640154247234,-6.69364175226354
31.2640370082328,-6.69371548465808
31.2640137846616,-6.69387217906393
31.2640162301656,-6.6940947930776
31.2638259997605,-6.6942695804738
31.2635746313285,-6.69431403436612
31.2633443322364,-6.69419839914245
31.2632689047765,-6.69400564198921
31.2632430654179,-6.6951948930662
31.2633644000626,-6.69616545275775
31.2634299401508,-6.69709428646017
31.2635052498425,-6.69802425229798
31.2635535125464,-6.69908886756121
31.2635733400721,-6.69891632232055
31.2641486306472,-6.6987210708113
31.2649601853033,-6.69849277652597
31.2654615133248,-6.69971984424262
31.266143728702,-6.69952011525197
31.2665522964842,-6.70064426460458
31.2657354187963,-6.70179586560558
31.2648742701621,-6.70292130799798
31.2641881316941,-6.70408915953274
31.2645915007791,-6.70515778176153
31.2654012650645,-6.70621745866729
31.2672581433173,-6.70727006883843
31.2686000470529,-6.70826835104384
31.2699893069144,-6.70911822908826
31.2715409305917,-6.70988532041736
31.2730928677674,-6.71033740347136
31.2746338815691,-6.71161177813851
31.2767067646483,-6.71300916280368
31.2790379934873,-6.71445639851152
31.2816478930162,-6.71505982966948
31.2831404026042,-6.71655321881914
31.2848735062803,-6.71813696777529
31.2866668522219,-6.71972658761963
31.2895197446541,-6.72127054274198
31.2925501511993,-6.7220509690023
31.2955700035268,-6.72269824292301
31.2988700116334,-6.72393825747639
31.3023284368328,-6.725128225685
31.3058435544241,-6.72644841778227
31.3094021198865,-6.72778599060858
31.3129687255905,-6.7289992107564
31.3159580354742,-6.73047159193827
31.3190020652599,-6.73181020569428
31.321968237448,-6.73250827027363
31.3248627115951,-6.73397888467629
31.327663523222,-6.7354685493048
31.3303243000017,-6.73694495132278
31.3331044529581,-6.73839403038924
31.3358966289663,-6.7390460220414
31.3388797079215,-6.74030564406316
31.3419330936179,-6.74121260115169
31.3449466593571,-6.74138605723143
31.3480101488108,-6.74227344629771
31.351550711736,-6.74248363810464
31.355559317297,-6.74324701005115
31.3594033001136,-6.74340035418327
31.3632570130969,-6.74347891182068
31.3672055441264,-6.74354053147134
31.3710620942111,-6.74363544101583
31.3747584265771,-6.74455234293829
31.3779795240438,-6.74489086925818
31.3810876710674,-6.74585588103414
31.3841486267242,-6.74669214834562
31.3873870997164,-6.74733232691537
31.3906780970087,-6.74721834888302
31.393825840391,-6.74762796692633
31.3970507509683,-6.74740825123415
31.4004036600302,-6.74801834754458
31.4038552687952,-6.74854246691052
31.4073934403166,-6.74898251189286
31.4108743738888,-6.7494431697123
31.4143707943536,-6.74995431523883
31.4179917015679,-6.74971710491371
31.4215982475686,-6.75010730305585
31.4253670475362,-6.750461004306
31.4292456936937,-6.75079710740535
31.4330631701259,-6.75086364948805
31.4367018619704,-6.75028957066764
31.4402796505223,-6.74980831737735
31.4437912036547,-6.74936534639785
31.4474474640962,-6.74884336619654
31.4511801189081,-6.74834080689039
31.4548128839993,-6.74777540631729
31.4583653953933,-6.74708351051146
31.4619717234485,-6.74648214857585
31.4654952792317,-6.74654544705769
31.4688733117714,-6.74581682060425
31.4722389717398,-6.74499557626513
31.4756963620685,-6.74496569421262
31.4793381419767,-6.74432116327971
31.4829744763895,-6.74359601789364
31.4869041111628,-6.74274893054566
31.4907868479615,-6.74190514464813
31.4946885240542,-6.74102421803004
31.4987792627968,-6.74027206904299
31.5026698709268,-6.73945381572108
31.5065125961208,-6.73852668240161
31.5101438623334,-6.73772197180543
31.5137854162554,-6.7369105764575
31.5175385891411,-6.73609459704478
31.5212571383195,-6.7352458881675
31.5251535301538,-6.73448390993533
31.5290763202544,-6.73363033916872
31.5332253892741,-6.73283027983304
31.5377277114651,-6.7319757360232
31.5434866867745,-6.73085891319508
31.5493815925106,-6.72960725314361
31.5552671778656,-6.72840768665047
31.5610891408129,-6.72720051146895
31.5669974905775,-6.72585337926546
31.5729319613855,-6.72456384056814
31.578724867852,-6.72327938119688
31.5843213997655,-6.72213515112183
31.5899568487531,-6.72141953233245
31.5954931051971,-6.72071962637906
31.6011030602395,-6.7201203531631
31.6070061866,-6.7192658429649
31.6131374869442,-6.71857952432211
31.6193430955121,-6.71777761284293
31.6259518331872,-6.71692376490181
31.6328698535406,-6.71583084087258
31.6407627596497,-6.7147023860904
31.6485239822514,-6.71345328779493
31.6563998909084,-6.71236940517146
31.6632858829013,-6.71135616129047
31.670284108762,-6.71053966359939
31.6777392606254,-6.70966781469336
31.6863480225235,-6.70891405496107
31.69508890395,-6.70807785253978
31.704087110137,-6.70725243622419
31.7133985650252,-6.70647111773088
31.7227792970019,-6.70561458711588
31.7321731944539,-6.70482224734883
31.7415935440096,-6.70390728383315
31.7501400748358,-6.70308093501099
31.7588308936597,-6.70209852501975
31.7677686499103,-6.70130724662531
31.7768251744121,-6.70037553090749
31.786149731195,-6.69956919296889
31.795908477896,-6.69873233970298
31.8055482874863,-6.69785285744009
31.8155277092537,-6.69694471539051
31.82551571614,-6.69605983854841
31.8357400741382,-6.69516246659522
31.8461081884468,-6.69426136998996
31.8567092196176,-6.69322525169182
31.8677032996824,-6.69241888279657
31.8789082426537,-6.69152864015111
31.8903224199204,-6.690633709639
31.901889475647,-6.6897582710101
31.9143603704041,-6.68871121625637
31.9269463701364,-6.68793294756594
31.9397912578914,-6.68679804838386
31.9523423797128,-6.68546841637449
31.9650393393285,-6.6841965029939
31.9778708139545,-6.68282919096114
31.9907756678939,-6.68167949471761
32.0039234757372,-6.68042526215627
32.0174168472682,-6.67930091668992
32.0318494864823,-6.67819565577506
32.0466249385744,-6.67695628591641
32.0615206149968,-6.67562447029737
32.0762212825042,-6.67467655935559
32.0913022721819,-6.67357468764472
32.1073035395338,-6.67244946507836
32.1235336338436,-6.67129390061488
32.1400671077329,-6.67021247642934
32.1573622231396,-6.66889716087376
32.175019422587,-6.66742364302903
32.1930871441958,-6.66630932532701
32.2112964915856,-6.66507730303132
32.2297676187913,-6.6637041922169
32.2484738635888,-6.66229352282169
32.2674175697751,-6.66096818798987
32.286595184533,-6.65927016349297
32.3059500140531,-6.65754957210782
32.3254155532223,-6.65540967509609
32.3449372622619,-6.6532438726669
32.3645403070784,-6.65105120690697
32.3842269753083,-6.64894626500687
32.404207853003,-6.64698955612407
32.4227678934572,-6.64502898038448
32.4411262721835,-6.64284713839342
32.4597333870294,-6.640610197969
32.4786206867881,-6.63859403209218
32.4977437674349,-6.63652413114101
32.5174179136269,-6.63446982958425
32.5371628240721,-6.63237684449829
32.5572236967046,-6.63025605741401
32.5774208456178,-6.62796593204271
32.5979227649703,-6.62565505538868
32.6185471180834,-6.62341422284771
32.6395274757351,-6.62121699708458
32.6607659148631,-6.6190466655145
32.6821853926508,-6.61671457943296
32.7037954521608,-6.61449497906249
32.7257084862093,-6.61223578184589
32.7477717817622,-6.60990315097812
32.7697754877169,-6.60759975604727
32.791594530629,-6.60512679704335
32.8134515813003,-6.60255772338393
32.8356220984914,-6.60016480922242
32.8579810105269,-6.59783345472861
32.8804376695495,-6.59567576760232
32.9029679075617,-6.59370476635472
32.9257008186976,-6.59037014249692
32.9485547843615,-6.58710303444336
32.9715539606795,-6.58404118254107
32.9947930961394,-6.5810442103166
33.0181943073091,-6.57778952236357
33.0419279458891,-6.57571875215403
33.0648419260665,-6.57352171027393
33.0876920658721,-6.57132457009169
33.1107680122172,-6.56774282774943
33.1338883113644,-6.56565238237362
33.1572412755479,-6.56230250893133
33.1823232658783,-6.55895418448576
33.2077561119212,-6.55541028780179
33.2330658015732,-6.5518589171802
33.2580553726542,-6.54835633292885
33.2827513823956,-6.54497544794954
33.3060799995497,-6.54162874348376
33.3302314732361,-6.53824754497811
33.3542785276778,-6.53520929704542
33.3782788638534,-6.53228727459428
33.4023237347273,-6.5294344260969
33.4263118700667,-6.52593842781582
33.4500854759408,-6.5224565668824
33.4737577514972,-6.51891087213734
33.497374334747,-6.51626097167612
33.5218118092812,-6.51253849991267
33.5461585802215,-6.50876398569656
33.5706044222649,-6.50492112025117
33.594398715782,-6.50088074026014
33.6181253865362,-6.49764045442558
33.6415907264891,-6.49444187370825
33.6648562396479,-6.49090593010927
33.6880387632157,-6.48744673007152
33.7112411095857,-6.48394544630459
33.7345187396577,-6.48037125176333
33.7578935087577,-6.47686011961157
33.7819027812709,-6.47320604426207
33.8053860581719,-6.46954083971338
33.8295046315518,-6.46653954734104
33.8538627934379,-6.46271172831194
33.8784600478131,-6.45881402781268
33.9030733396334,-6.45502469720207
33.9276121818979,-6.45129886517257
33.9522831448598,-6.44826411962543
33.9767517369503,-6.44485149990036
34.0012347411503,-6.44170147935413
34.0259875343036,-6.43931128704236
34.0509169445456,-6.43625182010847
34.0752593860596,-6.43391349031072
34.0989683590653,-6.43101305732681
34.1228010855827,-6.4288191298262
34.1462573364019,-6.42657513359273
34.1698318571496,-6.42432961629073
34.193670639132,-6.42201913955475
34.2175799249867,-6.41885221514281
34.2425511803272,-6.41638428774848
34.2675646413517,-6.41318794754119
34.2926877882993,-6.41013266204404
34.3176182624206,-6.40711200826907
34.3427520346643,-6.40487776996651
34.3680191117036,-6.40218778155429
34.3934419570597,-6.40011748399312
34.4188653792909,-6.39717454929602
34.4442244847246,-6.39427710923027
34.4695743406978,-6.39135116839208
34.4948629531218,-6.38861733446283
34.5202545003565,-6.38594339846669
34.5455735194873,-6.38402969022973
34.5709708570712,-6.38143413640571
34.5963129831768,-6.37882924630609
34.6216267769599,-6.37624168648583
34.6471336551749,-6.3739006565439
34.6729277760113,-6.37213079066003
34.6988950920946,-6.37028265948813
34.7249512848349,-6.36844043938978
34.7509074933479,-6.36661178918062
34.776826068756,-6.36484851251795
34.8028147457606,-6.3633144115828
34.8290028585788,-6.36179009340835
34.8552971950182,-6.36032761939554
34.881725309782,-6.35827410510403
34.9083645227324,-6.35706645916429
34.934999884089,-6.35595833895256
34.9617139383534,-6.35400195954329
34.9882492051657,-6.35257978378165
35.0147601368017,-6.35117643068834
35.0411234690428,-6.34983154253368
35.0676083860837,-6.34853235863721
35.0941846790076,-6.34726094195727
35.1206873388432,-6.34588124876304
35.147344005874,-6.34450117245893
35.1741488053772,-6.34318601597027
35.2011373193275,-6.3418039536951
35.2282474071849,-6.34042191266049
35.2553085604497,-6.33903649856622
35.2825955630691,-6.33761715124191
35.30968265376,-6.33610561252144
35.3367110928508,-6.33456022549636
35.3635403053227,-6.33298624068375
35.3901319905224,-6.33167217881814
35.4156568687791,-6.33049654018459
35.441209442705,-6.32958939456033
35.4669321353665,-6.3293397513722
35.4926650306056,-6.32822546706884
35.5184827980796,-6.32726107013138
35.5444828402559,-6.32630585448278
35.5706977840641,-6.3254726558749
35.597192571259,-6.32434432722313
35.6237974037577,-6.32283660289687
35.6506134420554,-6.3214459762235
35.6775124686292,-6.31998254410779
35.7044062623494,-6.31867953812311
35.7310601074254,-6.31798155785839
35.7579989421469,-6.31666620651954
35.784917555627,-6.31616677123499
35.8114990452756,-6.31515932656152
35.8370614407245,-6.31495858534398
35.8627518760766,-6.31485374678537
35.8885973091343,-6.31386664735069
35.9148437085724,-6.31270017705727
35.9410193468501,-6.31137675872127
35.9668396880388,-6.3109245539372
35.9919345203848,-6.30948338465786
36.0169082607201,-6.30817917582802
36.0416583535455,-6.30682027611804
36.0662115449477,-6.30554001660048
36.0907046451949,-6.30421101743836
36.1152705417987,-6.30276743626063
36.1399223432143,-6.3014426485806
36.1650135345655,-6.29999437652705
36.1899472486254,-6.29857541414383
36.2149069265209,-6.29701995582659
36.2397094970176,-6.29559460519055
36.2644352512118,-6.29402645780033
36.2888728587529,-6.29239850698415
36.3134089706733,-6.29077189934624
36.3378737954875,-6.28916933240997
36.3626926226493,-6.28768530264976
36.3872016304064,-6.28611113090547
36.4116910812512,-6.28454682345428
36.436044928473,-6.28322832044706
36.4600350054816,-6.28252223713863
36.4841396687548,-6.28111502366079
36.5081066704329,-6.28039306842698
36.5319712453666,-6.27902965846672
36.5548290949401,-6.27779574524078
36.5775107992534,-6.27707836675556
36.6001780674119,-6.27664488464056
36.6233667211155,-6.27638194401914
36.6467143075482,-6.27612121242386
36.6699717828582,-6.27517014124845
36.6932694230438,-6.27411771774118
36.7165203540179,-6.2730798913831
36.7396273444415,-6.27263952136947
36.7619501590887,-6.27151587383928
36.7840364095857,-6.27130023358595
36.807979204943,-6.27122929442408
36.8328082584913,-6.27085581741792
36.8576076063103,-6.27045908734874
36.8816637065322,-6.27018028855256
36.9057163774928,-6.269257595301
36.9298101750661,-6.2689657684405
36.9527874720595,-6.26822534718677
36.9754981169782,-6.26820286252226
36.9980886422187,-6.26707731609949
37.0206223736885,-6.26665843330059
37.0425558855636,-6.26629130107676
37.0642974881295,-6.26602522764621
37.0858149421353,-6.26512262486446
37.107391031345,-6.26523081742513
37.1288969722192,-6.26531728756577
37.1506836612462,-6.26514801030881
37.1727533954469,-6.26561795309205
37.1951399204836,-6.26607323967945
37.2177762212113,-6.26635960202268
37.2404255820341,-6.26661674073111
37.2645182750222,-6.26687470667389
37.288760073716,-6.26733707404375
37.312574400511,-6.26787046194058
37.335969842643,-6.26768200911762
37.3593438349461,-6.26749079672395
37.382363103777,-6.26777691624513
37.4054443346738,-6.26808709251777
37.428420130231,-6.26848880541974
37.4511875975309,-6.26905899520656
37.4740385739297,-6.2695332684015
37.4968708923284,-6.2692227664235
37.5196142168912,-6.26886501264386
37.5426159631101,-6.26919950525574
37.5656602525023,-6.26962584183066
37.5886576640553,-6.26998861311928
37.6110616689777,-6.27022220530811
37.6329312617353,-6.27059496051769
37.654822028253,-6.27030005964445
37.6763779619964,-6.27012282113079
37.6979042506549,-6.2706404697727
37.7194006627398,-6.27035550146677
37.7409259891914,-6.27080536753755
37.7623324912174,-6.2712299484285
37.7836112625891,-6.27160114985476
37.8047370954953,-6.27126995717373
37.8257426907532,-6.27159333078743
37.8465603366775,-6.27186009830443
37.8671844556555,-6.27139067390404
37.8877393473028,-6.27174126174294
37.9081139964462,-6.27227389860025
37.9285330730763,-6.27279584239116
37.948497948415,-6.27331397468911
37.9687066185799,-6.27308689581471
37.9885977496704,-6.27358204649027
38.0084349865321,-6.27345078088564
38.0284341911963,-6.27394193278307
38.0483789327138,-6.27466857414266
38.0683437533241,-6.27537543089331
38.0881096595676,-6.27529411159958
38.1077539100009,-6.27588127341749
38.1274290179416,-6.27637080789003
38.1470765681935,-6.27694727298593
38.1665490097393,-6.27735958621821
38.1858956288567,-6.27693398887111
38.2050325878971,-6.27709538781462
38.22424432252,-6.27711936078355
38.2431313737516,-6.27717479982371
38.2620735107417,-6.27733720011631
38.2807864499862,-6.27748823442672
38.2994134413624,-6.2771846558031
38.3180175050997,-6.27621412649816
38.3366256735308,-6.27583375547359
38.3551421007649,-6.2756995646135
38.3736956858157,-6.27494182999327
38.3924062870568,-6.27480998305287
38.4111288036025,-6.27446737286398
38.4298254091394,-6.27335938635533
38.4484926427652,-6.27283248859155
38.4670716671862,-6.27238848404247
38.48551369279,-6.27207621844891
38.5036905063074,-6.27187169775027
38.5223635238878,-6.27162847003175
38.5404607263704,-6.27131573440413
38.5584373109397,-6.27102147840505
38.5764481176207,-6.27068942715055
38.5945119877378,-6.27018805863998
38.6124976255596,-6.26966198721414
38.630201673793,-6.26852387286529
38.6479438370786,-6.26724653822809
38.665565119265,-6.26667128583138
38.6831034054442,-6.26539604460481
38.7004153005181,-6.26468735530167
38.7177182720206,-6.26333190573316
38.73491310507,-6.2624718411208
38.7523172604609,-6.26152039421122
38.7697258801301,-6.25999792986616
38.7870968022522,-6.25927451409911
38.8044318653059,-6.25794789068543
38.8218964075243,-6.25715119221103
38.8393153810988,-6.25636485032132
38.8568369282098,-6.25563581138045
38.8740683794868,-6.25502963966593
38.8912855744348,-6.25389887028188
38.9082235575248,-6.2529704479697
38.9252737424464,-6.25188348018578
38.9421422892756,-6.25094271486696
38.9590747840518,-6.25003932174421
38.976160204575,-6.24977038895242
38.9931698279417,-6.24952135382576
39.0102432179473,-6.24910173761643
39.0272969272169,-6.24797154045597
39.0442619200808,-6.24744404617545
39.0611475139056,-6.24620065699114
39.0779652899567,-6.24517420145839
39.0948211671115,-6.24415641031892
39.1114602222604,-6.24314280679543
39.1281008047406,-6.24215514468415
39.1447116298318,-6.24181798813305
39.1612729505997,-6.24079327292893
39.1778328477858,-6.23968182900476
39.1943810465635,-6.23849095124679
39.2110309918367,-6.23720008884118
39.227697959743,-6.23585782738558
39.2443082539649,-6.23455315565141
39.2609524110534,-6.23317838263268
39.277544872003,-6.23172657474143
39.2941599203637,-6.23030229201718
39.3106381894788,-6.2288933389027
39.3271354803194,-6.22754991394767
39.3435746021771,-6.22627261215197
39.359860652556,-6.22501834274313
39.3761232884201,-6.2238119728862
39.3922381267725,-6.22315113367793
39.4082580727063,-6.22196363838809
39.4242756646899,-6.22085755474279
39.4401452847061,-6.21976789535131
39.4559737463432,-6.21872825633328
39.4718124115569,-6.21780926341894
39.487658444067,-6.21684074411601
39.5034540022431,-6.21581635875117
39.5194480287072,-6.21473809060384
39.5353438019131,-6.21364159805417
39.5512607014848,-6.21255650618173
39.5667804800849,-6.21141254653063
39.5822672817326,-6.21031515417228
39.597712611056,-6.20902346336236
39.6130387237404,-6.20703764963674
39.628422444349,-6.20584701057941
39.643667636645,-6.20464351257497
39.6589164534265,-6.20322722940768
39.6741163853396,-6.20166473618327
39.6892058602447,-6.2002388595743
39.7042501832528,-6.19876015322242
39.7192292570212,-6.19722086340335
39.734181982231,-6.19574389878656
39.7490117562061,-6.19496334459238
39.7638708167381,-6.192792480287
39.7784660372592,-6.19134114541642
39.7928856653515,-6.18906992893784
39.8074011626316,-6.18758615356182
39.8218255972161,-6.18530628334163
39.8361684846781,-6.18278228039293
39.850449063941,-6.18112823547622
39.8647630362816,-6.17965742016083
39.8791704755917,-6.17799520145922
39.8935856346772,-6.17561104031666
39.9081910588117,-6.17410613009554
39.9227546324491,-6.17256516478056
39.9373572196252,-6.17148518011102
39.9519841931088,-6.16970571334486
39.9666202299586,-6.16799987175521
39.9812386579927,-6.16633082920884
39.9958365370791,-6.16460354376208
40.0103249664282,-6.16304611472634
40.0248597163585,-6.16155591694148
40.0392957221645,-6.16014857735062
40.0538494721281,-6.15888111341693
40.0684241236952,-6.15759697844848
40.0829530266544,-6.15642997707723
40.0975683978642,-6.15527252722067
40.112108551232,-6.15409372248441
40.1265865717049,-6.1527354366594
40.1410778284449,-6.15143118306901
40.1554883245263,-6.15000992837044
40.169835020318,-6.14841136840876
40.1843095924563,-6.14592192157058
40.1986704216719,-6.1442019277109
40.2130096761586,-6.14191653994705
40.2274032943333,-6.14046786413439
40.241829583517,-6.13898350411006
40.2563747685054,-6.13675091471907
40.2708548793206,-6.13434577817085
40.2854127177094,-6.13193185763399
40.2998687635469,-6.12955177795377
40.3143327582974,-6.12793146635982
40.3288797700293,-6.12628055664213
40.343327967044,-6.12464170472441
40.3577571219171,-6.12233768016858
40.3720258865235,-6.12077891907087
40.386237496457,-6.11846681413703
40.3986293286518,-6.11591715484801
40.4106272718067,-6.11346971113886
40.4223707078202,-6.11116474051171
40.4338830592638,-6.108628210355
40.4451307396795,-6.10679850981347
40.4562375010103,-6.10422785115194
40.4677758577585,-6.10233052763345
40.4793152773662,-6.09985844855968
40.4908082225035,-6.0982140053646
40.5022780505612,-6.09577116898083
40.51437835003,-6.09343118426391
40.5265943915923,-6.09104882003713
40.538806643425,-6.089254437993
40.5508788356524,-6.08678024212315
40.5629511991356,-6.08424705930199
40.5748792882573,-6.08244214490433
40.5865033047932,-6.08011548736745
40.5981544431669,-6.0777061409591
40.6104025123092,-6.07540618547566
40.6227086487359,-6.07301675453132
40.6351867230773,-6.07070460226379
40.6476016124521,-6.06831671088112
40.6605074414795,-6.0659708857135
40.6736788651494,-6.06427019340713
40.6869508887395,-6.06266566861844
40.700326154886,-6.06044856549893
40.7137831225883,-6.05811306158838
40.7273371153278,-6.0556346986324
40.7410647416815,-6.05308524824698
40.7546514610071,-6.05059642877351
40.7681267233205,-6.04885189083682
40.7816165907797,-6.04705296358931
40.7947278981237,-6.04449712306678
40.8076942218222,-6.04205830002978
40.8205220327144,-6.03963958085175
40.8336133315245,-6.03731191495844
40.8472065142756,-6.03497213524467
40.8608418800876,-6.03337371717623
40.8750254334895,-6.03173803718516
40.8892059774991,-6.02949674030118
40.9034659251759,-6.02803807513318
40.9177458050878,-6.02609757042459
40.9321396462793,-6.02411888899456
40.9466522054593,-6.02196779955737
40.9613555158079,-6.02055270777018
40.9760210370578,-6.0185160349173
40.9911148214957,-6.01639474787152
41.0063306059187,-6.01486120836276
41.0219457350866,-6.01240412184278
41.037852406547,-6.00967613240659
41.0539236550543,-6.0069311762595
41.070606196432,-6.00416583570051
41.0874344675866,-6.0021560764582
41.1045649490519,-5.99933855053496
41.1219459171327,-5.99657011202433
41.1396510757549,-5.99305797325446
41.157116439003,-5.98943213890202
41.1750487668338,-5.9858768729914
41.1929976242736,-5.98310232710065
41.2113624857868,-5.97954039881463
41.229768991085,-5.97605965639707
41.2481802453067,-5.97266021888753
41.2673124877309,-5.96930739385514
41.2866881079965,-5.96723048156767
41.3060966812705,-5.96452397158094
41.3259393108117,-5.96191577431768
41.3463014739632,-5.95910081093707
41.3668019967999,-5.95612304235854
41.3876292650284,-5.95305325508284
41.4087499294702,-5.95050129281087
41.430201437359,-5.94863744422501
41.4518507019499,-5.94628771468399
41.4736028490693,-5.94385128846895
41.4954840294591,-5.94203996158107
41.5176501641967,-5.93932464488421
41.5402034766958,-5.93663398679352
41.5630008885692,-5.93455055423135
41.586137288365,-5.9318806853978
41.6094681944122,-5.92906049648239
41.6330508623916,-5.92655756143847
41.6577919820403,-5.92392267354979
41.6823353306107,-5.92130300073041
41.7070480516568,-5.9187119828854
41.7315145166151,-5.91608747623763
41.7560995475984,-5.91352577579016
41.7816503401048,-5.91081068149934
41.8072425175645,-5.90803102790751
41.8336552802239,-5.90611674965866
41.8605090649458,-5.90411357669264
41.8878766060171,-5.90152421161059
41.9157594181363,-5.89955362395678
41.9439857874123,-5.89696519107563
41.9717922762576,-5.89507045156646
42.0001602536334,-5.89241886192759
42.0276780859866,-5.88987697908142
42.0565873751588,-5.88801803986116
42.0857071744314,-5.88521530553046
42.1151833294475,-5.88315891700572
42.145153170685,-5.88052964476355
42.175476965139,-5.87783844399368
42.205806799311,-5.87507987086744
42.2366658156319,-5.87218729977117
42.2675461655185,-5.86978469323875
42.2988793057315,-5.86714083025403
42.3295608869317,-5.86438342068206
42.3605775605987,-5.86164727711531
42.3917044259982,-5.85891713648351
42.4228398396709,-5.85553301930218
42.4543211760706,-5.85218316512964
42.4861136831968,-5.84890181394658
42.5181792673591,-5.84626867947331
42.5505730182953,-5.84303871323128
42.5832931631286,-5.84050695894958
42.6158380583181,-5.83775353407529
42.6490928442109,-5.83503939546441
42.6827052711854,-5.83225545345179
42.7165379531516,-5.82949618863663
42.7512646439132,-5.8262376703172
42.7862348691438,-5.82378793815726
42.8216926188794,-5.82147107700978
42.8565979014254,-5.81928717500079
42.891715924116,-5.81707872913886
42.9270678211997,-5.81498167931385
42.9627285168707,-5.81280512814094
42.9985308762452,-5.8105479193393
43.0347520299138,-5.80859592987672
43.0712583657169,-5.80676055398373
43.108023366041,-5.80499488815585
43.144941615124,-5.80329260126771
43.1821713282999,-5.80162879958525
43.2197544759902,-5.79995310752122
43.2576852315424,-5.79821813036431
43.2959590926956,-5.79610740923656
43.3345979848111,-5.79456531573327
43.3736629430592,-5.79294374520478
43.4130307648631,-5.79130194657547
43.4526036541714,-5.78964714133184
43.4925244965678,-5.78800645015859
43.5326188930142,-5.78641593626648
43.5726582866514,-5.78483580902349
43.6128251760839,-5.78337754426875
43.6521733141592,-5.78201879449236
43.6914954514226,-5.78058316563055
43.7313861099263,-5.77917366767007
43.7714854948783,-5.77792554022811
43.8120057816254,-5.77661071545045
43.8528210556863,-5.7753918322641
43.8941639181825,-5.77405526884722
43.9359358917956,-5.77273926605281
43.9781415685623,-5.77147642931992
44.0203424004115,-5.77016005572543
44.0631363858702,-5.76881612434142
44.1063184117611,-5.76738062589718
44.150731922395,-5.7656393913009
44.1947833138544,-5.76387645828643
44.23919920405,-5.76132371396157
44.2840436113534,-5.75945711343006
44.3293351999909,-5.75764101093599
44.3749162139308,-5.75590956917168
44.4213843146019,-5.75409056405597
44.4682356094892,-5.75231782237049
44.5157662010625,-5.75073406992164
44.5637810378145,-5.74911202069518
44.6121524405678,-5.74736440954862
44.6608166024675,-5.74567856518932
44.7100844298985,-5.74400196608009
44.7595571983473,-5.74227935915632
44.8092490881001,-5.74046139816143
44.8592945540288,-5.73817298341046
44.9097622281961,-5.73707347932413
44.9607993622155,-5.7361309482966
45.0125845321567,-5.73516695571097
45.0648105493894,-5.73423791852557
45.1174731930287,-5.73323907693143
45.1704653836721,-5.732173230306
45.2239407544019,-5.73099490870107
45.2777285713501,-5.72920065858999
45.3320430843994,-5.72738810185471
45.3867816352736,-5.72554164155485
45.4421483904397,-5.72362033577758
45.4977092409134,-5.72180380484417
45.5534578948764,-5.7200572769859
45.6095447772055,-5.71836678407382
45.6660748528681,-5.71696768643195
45.7231415157665,-5.7155955950564
45.7805606078329,-5.71429834806619
45.838329176813,-5.71310980498483
45.8964952677295,-5.71175341013462
45.9548794400844,-5.71021295894886
46.0137183538802,-5.70867760608253
46.0725448942572,-5.70693106799379
46.1317721077921,-5.7060320113077
46.1915949441431,-5.70463082930866
46.2517440716479,-5.70313361889379
46.3122280878715,-5.70147799077131
46.3727730798962,-5.69978953878813
46.4335488285955,-5.69813486727513
46.4945453020292,-5.69633812680342
46.555843593578,-5.69451640017845
46.617521574189,-5.69268158218098
46.6793437749622,-5.69105560236353
46.7414867190094,-5.68926024225816
46.8038400812947,-5.6874043698405
46.866346678579,-5.68574879315479
46.9292784728009,-5.68410225987293
46.992432570235,-5.68239373643285
47.0559308040412,-5.6808360451183
47.1199087409663,-5.67921319788792
47.1842485503681,-5.67755717669081
47.2490360500887,-5.67601010719364
47.3139977129011,-5.67440421969601
47.3793071877561,-5.67277314780347
47.4449106152495,-5.67125435516718
47.5109178954021,-5.66981760518837
47.5772725606965,-5.66863180486565
47.6441386845751,-5.66740535525683
47.7115124207079,-5.66609010529423
47.7790820050775,-5.66476630084428
47.8465389504635,-5.66345177876981
47.9142183288736,-5.66212805003452
47.9822063720347,-5.66060687320284
48.0505758741845,-5.65898274422358
48.1190787185338,-5.65721805755725
48.187991522269,-5.65533428744007
48.2570003689418,-5.65296571008703
48.3262513806998,-5.6505746125925
48.395689454321,-5.64815517772935
48.4653835905696,-5.64582368151085
48.5355463242119,-5.64356292830569
48.6061880762573,-5.64127808692656
48.6773211922612,-5.63892523317832
48.7481925874797,-5.63661544185299
48.8192549267945,-5.6342397972959
48.8908485958054,-5.6316278275772
48.9629738342612,-5.628883797132
49.0353982126568,-5.62596439673202
49.1082100550555,-5.62258536558333
49.1815187010642,-5.6190049497079
49.255209750782,-5.61529179181907
49.3293596576529,-5.61140072723522
49.4038164573055,-5.60738447914631
49.4787421745479,-5.60302986785131
49.5540260267306,-5.59860619756402
49.6296632113554,-5.59423225371826
49.7054236399913,-5.58973897603484
49.781858641573,-5.58517598875493
49.8583693789557,-5.58053997732868
49.935290037347,-5.57593086535652
50.0123062672886,-5.57161415401904
50.0894445011738,-5.56739850645622
50.1670481803835,-5.56312881427926
50.2446903639068,-5.55883209303
50.3224219194516,-5.55435072473545
50.4004456517616,-5.54990561352184
50.4791809024026,-5.54599611521592
50.5580459106404,-5.54212835545444
50.6368966520008,-5.53831254846585
50.7162754324907,-5.53443285034512
50.7959614028712,-5.53046647813631
50.8756974433633,-5.5265652970577
50.9559117355948,-5.52269320409877
51.0364789710064,-5.51873209149828
51.1168431247548,-5.51477492457254
51.197587004469,-5.51041732469742
51.2786599517436,-5.50601055651764
51.3596795010196,-5.501649685267
51.4407387172465,-5.49747119124388
51.5220090388752,-5.49344952058281
51.603336322299,-5.48968180737136
51.6848623108551,-5.4861001993441
51.7664618574144,-5.48404460601226
51.8482450655882,-5.48209849418602
51.9302823585123,-5.48009830352722
52.0124864375566,-5.47811719291892
52.0945672066314,-5.4764155060978
52.1764566319443,-5.4746489438297
52.2582467607088,-5.47303229954431
52.3397538624494,-5.47130364409965
52.4212003714705,-5.46974915427731
52.5022013897159,-5.46777101908422
52.5819091612389,-5.46582258570419
52.6623815812864,-5.46385984903729
52.7429022792635,-5.46195621934077
52.8241717395764,-5.46019809139373
52.9054196546416,-5.45844637821798
52.9856195076201,-5.45696340093161
53.0663948651881,-5.45548102961562
53.1471044982097,-5.45385581326513
53.227727344676,-5.45234855737453
53.3083813258539,-5.45079444117653
53.388715297602,-5.44933454048213
53.4690759583001,-5.44784680414409
53.5501804513956,-5.44627156133256
53.6310378641397,-5.44490654275037
53.7130586184084,-5.4435664212476
53.7940829794152,-5.44217247498303
53.875433243713,-5.44095666979387
53.9567452566379,-5.439766621876
54.0379920774329,-5.4387914242347
54.1195232717592,-5.43847834651809
54.2016603331907,-5.43837520249175
54.2839683604103,-5.43853452262518
54.3668102141604,-5.43879328587471
54.4496714390393,-5.43914737588265
54.5339051302994,-5.43954499425642
54.618071990805,-5.43989798136376
54.7025475738859,-5.44015205029925
54.786648607495,-5.44052470186132
54.8705739233075,-5.44086501697303
54.9545453668176,-5.44113385291273
55.0385906464877,-5.44146483202531
55.1226916334715,-5.44185755706052
55.206844353004,-5.44219245634298
55.291860637931,-5.44251293919123
55.3764163247294,-5.44282653368545
55.4611166616086,-5.44322750124111
55.5459275315734,-5.44361064896442
55.629680263627,-5.4438003047134
55.713695048251,-5.44389772597372
55.7976962451847,-5.44375000523467
55.8828962374931,-5.44346504716792
55.968155836817,-5.44278832886746
56.0535918675508,-5.44199346986378
56.1391936012719,-5.44123179723179
56.2249972153827,-5.44061473772989
56.3106099787913,-5.43967040387803
56.396353834231,-5.43835415480222
56.4821913041887,-5.43721710970233
56.5682343144727,-5.43631319213073
56.6542858251796,-5.43521183210775
56.7404969380829,-5.43393092737196
56.8268929113219,-5.43228949335709
56.9132909506095,-5.43051416258834
56.9997411719379,-5.42880526852557
57.0867111908334,-5.42674409165272
57.1741892727851,-5.42478527442261
57.2618648962719,-5.42290486639527
57.3496137105952,-5.42088022708159
57.4376576340462,-5.4187889303614
57.5258516750369,-5.41680935798024
57.6141836439188,-5.41488154258692
57.7038401633297,-5.41273675581791
57.7938602143176,-5.41069760633627
57.8841078018957,-5.40848941818086
57.9746200005754,-5.4060532020499
58.0651695951012,-5.40367544001151
58.1557734718936,-5.40116808490146
58.2463395417701,-5.3986999430828
58.3363896900489,-5.39617925285399
58.426437871416,-5.39357767686527
58.5171338733983,-5.3911954563071
58.6076512367159,-5.38876337385221
58.6980976091002,-5.38644520652025
58.7872986609372,-5.38432209928702
58.8777883873028,-5.38234288834659
58.9681939840622,-5.38039321244319
59.0586173288855,-5.37845229895577
59.1489066362498,-5.37636510356585
59.2391779045048,-5.37415945413207
59.3289677900375,-5.37184632652125
59.4185942294723,-5.36977262028715
59.508209175667,-5.36739180899747
59.597571159406,-5.36479024159916
59.6869411754404,-5.36247311859407
59.7759825403241,-5.3599562858132
59.8648653547995,-5.35731007365929
59.9540077694872,-5.3546440333028
60.0434754505074,-5.35204669676988
60.133466514447,-5.34936755401011
60.2237618156633,-5.34606511449166
60.3137632574899,-5.34253433150108
60.4034675580395,-5.33892576887503
60.4930892995463,-5.33522889322082
60.5826320644694,-5.33136969604496
60.6722286018388,-5.32756205324543
60.761698304244,-5.32365328101864
60.8509762850535,-5.32000572479245
60.9400109644541,-5.31640774477474
61.0287786879749,-5.3125760448223
61.1174120681113,-5.30879220193733
61.2062131808045,-5.30487587262865
61.2950300248142,-5.30073383594402
61.3837952188565,-5.29652699969341
61.4725730033841,-5.29220297411731
61.5612179940313,-5.28785812782342
61.6499567036603,-5.28363341658279
61.7387288882749,-5.27827461330695
61.8274269756806,-5.27386435690668
61.9163187774659,-5.26946377648816
62.0052243803134,-5.26494957124164
62.0944260421163,-5.26055085047978
62.1835640155117,-5.25543701820517
62.2723568213777,-5.24989091723714
62.3610431997324,-5.24432616112199
62.4497592793943,-5.2388652781614
62.5386572598217,-5.23365015268735
62.6277495581702,-5.22826401953712
62.7168681293832,-5.22284270473812
62.8059043273787,-5.21736441791046
62.8941539498619,-5.21201283516597
62.9823831883882,-5.2064210555359
63.0706100585984,-5.20085005588355
63.1590168104032,-5.1952578527273
63.2476831366426,-5.1896148116419
63.3364663690876,-5.18430691197229
63.4254049802954,-5.17868118684356
63.5142245299285,-5.17290934772778
63.6029214106817,-5.16715544002003
63.6923690517083,-5.16125428220383
63.7816742507172,-5.15576523667781
63.8715229967235,-5.14979521725211
63.9613528691718,-5.1443321239721
64.0512777962449,-5.13879231804424
64.1410776377714,-5.1332889824448
64.2309261552645,-5.12731638259775
64.3205572374341,-5.12166201287725
64.4101386736129,-5.11595297828984
64.500424186398,-5.11031450398038
64.5908234527475,-5.10427565468739
64.6811882151242,-5.09816688051849
64.7716364057194,-5.09228604720873
64.8621603126054,-5.08693712484162
64.9527626253892,-5.08109946819565
65.0433029106169,-5.0756736466664
65.1338151210667,-5.07023012818128
65.2244752814766,-5.06489665031796
65.3150590316783,-5.05953440134253
65.4056777469631,-5.05434487375907
65.4961313746503,-5.04900376148476
65.5857210774655,-5.04365779047988
65.6751048412516,-5.03842631142666
65.7648874531348,-5.03320892975862
65.8550466356462,-5.02794731153103
65.9448983330617,-5.02250531822533
66.0347004272424,-5.01731264264797
66.1246447748962,-5.01224739325333
66.2145698303304,-5.00741325903778
66.3052015663345,-5.00271711472913
66.3959092648544,-4.99811552705256
66.486548732203,-4.9935830739637
66.5772763136151,-4.98895178441706
66.6678677518391,-4.98431514626756
66.7584917234186,-4.9796721273496
66.8491330473451,-4.97492325551232
66.9395963858401,-4.97020539538064
67.030275494981,-4.96562177032132
67.1209029130297,-4.9608895964328
67.211168229791,-4.95626753878425
67.3015013945933,-4.9514104650034
67.3917091561656,-4.9465702433342
67.4814216648446,-4.94172216299475
67.5708611124549,-4.93694464966713
67.6592826412773,-4.93219374786265
67.7476002661763,-4.92730840124585
67.8351851896168,-4.92229109366991
67.9219370819417,-4.91730185368035
68.0089789645504,-4.91229964917949
68.0953966733589,-4.90729247715241
68.1818171696986,-4.90218679291831
68.2683099394615,-4.8969347263958
68.3551833289938,-4.89171714952555
68.4420435331729,-4.8861623080366
68.5288744941895,-4.88027310698093
68.6154185854218,-4.87370247972817
68.7014504336046,-4.86721069028536
68.7873894495339,-4.85997484092528
68.8725658334447,-4.85276842849113
68.9577703719524,-4.84552944668356
69.0433580667726,-4.83861861130597
69.1285709716879,-4.83090298626697
69.2133270018244,-4.82167012891293
69.2978783977586,-4.81235706595852
69.3822214141741,-4.80300812124023
69.4664589206256,-4.79348410706164
69.5507797707459,-4.78449978513174
69.6352707834778,-4.77553517806299
69.7196173417236,-4.76641629441105
69.8045529876341,-4.7573566850754
69.8894733662129,-4.74823495935
69.9749652972521,-4.73894308175223
70.0607057629995,-4.73022380163545
70.1468392031348,-4.72151069114239
70.2325847680187,-4.71283809876841
70.3182196700277,-4.70405833946388
70.4034073985041,-4.69526695001199
70.4885217110533,-4.68637642463893
70.573621075249,-4.67749635312457
70.6579495370676,-4.66860304343366
70.7421061871809,-4.65953362788904
70.8261285478819,-4.65030118818896
70.9100483637016,-4.64094070805384
70.9938873972322,-4.63156729741796
71.0782421667817,-4.62213810819556
71.1624905411053,-4.61269378188191
71.2467310764458,-4.60325789254095
71.3309383946955,-4.5938237031953
71.4147550610242,-4.58385640762599
71.4986973773278,-4.57354088424533
71.5827695225401,-4.56292367882127
71.6668558645096,-4.55155608709394
71.750458503169,-4.54004086976953
71.8340428906263,-4.52816859070705
71.9168983294315,-4.5161786494375
72.0002577353163,-4.50414632534642
72.0825092255292,-4.49211393810781
72.1651302597279,-4.48002996949494
72.247442234854,-4.46802580065971
72.3299225141647,-4.4558930526317
72.4127189996411,-4.44367300098581
72.4954752395412,-4.43144360448387
72.5780738894326,-4.41906869612819
72.6606407444459,-4.40656559624023
72.7430488563922,-4.39398522878808
72.8254133042362,-4.3813325511679
72.9077230752766,-4.36861343560912
72.9899110441794,-4.35570648585715
73.0720255185023,-4.34273990282848
73.1539985438278,-4.32975343578412
73.2358246368018,-4.31675345599207
73.3173235647013,-4.30377307593378
73.3987127486856,-4.29079182563699
73.4806117989737,-4.27789943998318
73.5623103969005,-4.26497033040638
73.6438703669594,-4.25184234752753
73.7250933177836,-4.23845548214513
73.8065892410709,-4.22501758267716
73.8881756958965,-4.21301229136511
73.969628499019,-4.19956978606426
74.0511751813107,-4.18589121256674
74.1327079158011,-4.17226739100313
74.2141854646993,-4.15883175915632
74.2957449568785,-4.14558675930231
74.3773387267241,-4.13270105548185
74.4590078509347,-4.11963396535302
74.5408977594973,-4.10682190787873
74.6214839342864,-4.09393168950225
74.7019293861299,-4.08093933876353
74.7821617209546,-4.06809217101298
74.8616686807862,-4.05614313399785
74.9410515712871,-4.04417579774648
75.0207045053666,-4.03226349968658
75.1003212574435,-4.02043934518356
75.180399466354,-4.0075634860323
75.2605011762864,-3.99471845935463
75.3401369248681,-3.98209973022885
75.419654924626,-3.96939153086545
75.4996474319456,-3.95676782720275
75.5796023785955,-3.94421273018076
75.6601848710545,-3.93157805136408
75.7403296911745,-3.9191038216025
75.8202015797072,-3.90679848284418
75.9002726683735,-3.89458479844862
75.9801672613896,-3.88249591049233
76.0604911130986,-3.8699907332025
76.1399763748467,-3.8574085784299
76.2196864079225,-3.84501270889649
76.299438118229,-3.83270749595434
76.3792892562287,-3.82074847111241
76.4592517599575,-3.80899309325523
76.5392960376946,-3.79763876980386
76.6194859413279,-3.78670089471508
76.6995799742195,-3.77631982647641
76.7790974459051,-3.76511018510837
76.858556742542,-3.75310442224514
76.9384006106036,-3.74074847448501
77.0182247879572,-3.72773196975635
77.0977428591541,-3.71523506877921
77.1770831767541,-3.70266038523686
77.2555036249519,-3.6900493586516
77.3336634679317,-3.67759023238779
77.4098897339794,-3.66549482555831
77.4862724964742,-3.65340389165455
77.5627624837621,-3.64133021239481
77.6390533020028,-3.62939210504455
77.7182742949395,-3.61736411679718
77.797385563131,-3.60534061420667
77.8764996790777,-3.59357267939637
77.9557935541484,-3.58178708103767
78.0351915125975,-3.57020634462669
78.1136038360856,-3.5584922505573
78.1930549616992,-3.54674012283841
78.2742180312263,-3.53518678208194
78.3524278454693,-3.52341448995557
78.4302752660874,-3.51137675900075
78.5082710753812,-3.49924444282997
78.5861983966173,-3.48692370395156
78.6641587760527,-3.47531581672064
78.7435394345096,-3.46281505705305
78.8226118224142,-3.44960226713658
78.9017597697306,-3.43649596705642
78.980733131913,-3.4235681046256
79.0598152933595,-3.41064347745047
79.1390233556516,-3.39860571501505
79.2182927626295,-3.3866266390249
79.2976678904904,-3.37515419125588
79.3768511373151,-3.36331172246375
79.4558370211155,-3.35137519710995
79.5346293534545,-3.33877291190454
79.6135397421813,-3.32592770410757
79.6932510531017,-3.31281384578185
79.7730814524145,-3.29964650456214
79.8529008042063,-3.28628823862283
79.9327098690415,-3.2734099669219
80.0124277215985,-3.2597944919262
80.0919498198478,-3.24573379322066
80.1714552024982,-3.23309397094856
80.2511381137433,-3.22099527011539
80.3310429794124,-3.20827963208063
80.4100829325556,-3.19568144629871
80.4890325298179,-3.18342311137112
80.5674821280638,-3.17106100780929
80.6458085966791,-3.15829968773788
80.7240944004146,-3.14555370351149
80.8021612814534,-3.13279902006858
80.8802194893598,-3.12055422770063
80.9583158993596,-3.10802650519391
81.0362930721271,-3.09638455698231
81.1134788800988,-3.08410590041451
81.1910491146863,-3.07108035339941
81.2690536177181,-3.05812662413611
81.3467137179682,-3.04576389900097
81.4246676707716,-3.03206496492169
81.5022952265356,-3.01957745109986
81.5801850718204,-3.00607989666324
81.658250731913,-2.99288764220635
81.7359098959211,-2.97948462538369
81.813604910156,-2.96613534105239
81.8911261088101,-2.95269961101316
81.9688181476376,-2.93921328183403
82.0475066255238,-2.92579749067793
82.1269288007987,-2.91180484169495
82.206515572945,-2.89769696336196
82.2859501160856,-2.88362546647836
82.3653626549213,-2.86984751640626
82.4447453593817,-2.85601329768807
82.5242426003014,-2.84307538075787
82.6037086105012,-2.82925875575549
82.6824510736606,-2.81551009513472
82.7611798511955,-2.80189885511665
82.8396837729606,-2.78828204848001
82.9180608455057,-2.77466067280458
82.996160681726,-2.7611917530339
83.0742520504445,-2.74785056530973
83.1516848468204,-2.73463798904001
83.2292059371497,-2.72146375519272
83.3066812366943,-2.70828055625153
83.3841114961553,-2.6954445411296
83.4618731385142,-2.68257781923738
83.5396646087777,-2.66976419095408
83.6172721857112,-2.65702542629351
83.6950894392666,-2.6444714148296
83.7731132700687,-2.63213062632849
83.8521112102896,-2.62140504347753
83.9311614791478,-2.61207553947073
84.0102616418705,-2.60283291917664
84.0898968882234,-2.59358579590122
84.1697183245634,-2.58436158068588
84.250186692317,-2.575083785849
84.33070010404,-2.56594437880416
84.4111197318206,-2.55693307635885
84.4907084928003,-2.54784998198267
84.5702098947655,-2.53928072123377
84.6495884225796,-2.53192397765208
84.7300060310954,-2.52774343480545
84.8116549953737,-2.52273630038295
84.8933586150541,-2.51815791198374
84.9756812217382,-2.51369969432384
85.0577958740556,-2.50920515513066
85.1391609714545,-2.50405637700675
85.2205320927848,-2.49979411036462
85.3022932425768,-2.49556685738394
85.384356678223,-2.49118034789745
85.4666399977622,-2.48688618140668
85.5485902063532,-2.48264936132137
85.6305283769376,-2.47779578772162
85.7125792679601,-2.47286550422406
85.7952109369952,-2.46813656031836
85.8772393202964,-2.46334611842018
85.9602234305237,-2.45852397174906
86.0435376855293,-2.45392294075996
86.1266861961406,-2.44862100487072
86.2090590350621,-2.4433636213003
86.2917262279411,-2.43791176651346
86.3739396707703,-2.43255898014829
86.4571533162409,-2.42757158705286
86.5403674773367,-2.42251133046743
86.6236662167635,-2.41752193094051
86.7080184426678,-2.41246437219836
86.7923759844282,-2.40752882826896
86.8768942212705,-2.402699492725
86.9612663085339,-2.39789346444718
87.0454678355652,-2.39307889598627
87.1289312328314,-2.38848457621803
87.2124775810717,-2.38372603363874
87.2965385670834,-2.3782326435488
87.3805253532642,-2.37266178593778
87.4646743811005,-2.36757633610851
87.5488566257669,-2.36277490012239
87.6328446619212,-2.35795649616851
87.7172767432467,-2.35314601094985
87.8015273501328,-2.34836517071881
87.8857331823666,-2.34368821419703
87.9707403800784,-2.33912297821829
88.0551853144197,-2.33450857954733
88.1404944295357,-2.32994827548344
88.2261691592396,-2.32532344010194
88.3118861088913,-2.32060218973314
88.3974468571193,-2.3158752260702
88.4830502957512,-2.31134263570665
88.5687791153701,-2.30674622452601
88.6547548850837,-2.30226250386917
88.7407741479725,-2.29787273376835
88.8271631916109,-2.29361958589909
88.9135930707771,-2.28936083135618
89.0000158197879,-2.28528122216312
89.0867156727315,-2.28025874097208
89.1734501146269,-2.27623020110596
89.2603307297008,-2.27134513090643
89.3473406047118,-2.26641147172612
89.4346254920106,-2.26154367768391
89.521951971724,-2.25657779198028
89.6087258407,-2.25166143170936
89.6956187037779,-2.24676818551214
89.7825875900688,-2.2420324358871
89.87004637813,-2.23743739809929
89.9570649016073,-2.23280601897285
90.0443071842929,-2.22686512225542
90.1316450607438,-2.22201802521809
90.2184462953191,-2.217098393355
90.3054787366344,-2.21203838836595
90.392412101273,-2.20690901641865
90.4794506358916,-2.20180418334624
90.5669830111869,-2.19609920579271
90.6546261063767,-2.19051137432842
90.7415438353903,-2.18483628695068
90.8293177840138,-2.17929147005382
90.917272697624,-2.17361515917251
91.0053990050213,-2.16781057545041
91.0941838008978,-2.1609546578729
91.1830915445139,-2.15404279418402
91.2715425458303,-2.14678129339535
91.359917999399,-2.13460047425407
91.4479717098744,-2.12327065018594
91.5360395896994,-2.11195152324326
91.6246561762642,-2.10079887448886
91.7133942015796,-2.08973778488914
91.8021388463791,-2.07862452160755
91.8909447607418,-2.06781860439396
91.9799141033409,-2.05740410272118
92.0689391725511,-2.04711777648966
92.1582164586577,-2.03602483558957
92.2471079654389,-2.02471249127462
92.3364214339119,-2.0136985746702
92.4256508361709,-2.0034568453427
92.5149897938945,-1.99332036125142
92.6042084307571,-1.98342860638935
92.6934006199463,-1.97306653095644
92.7825916220103,-1.96550061611442
92.8717209988673,-1.95795545988349
92.9608867715701,-1.95015586807218
93.0499817063155,-1.93879070235474
93.1392237401735,-1.92704347525823
93.229173924355,-1.91647086714862
93.319065670844,-1.90549774953808
93.4089787178919,-1.89423816296082
93.4991730722631,-1.88365020074547
93.5893331670701,-1.8728200581251
93.6794444513611,-1.86198595502484
93.7698111173488,-1.85069937742335
93.860048328466,-1.83931501556875
93.9519583873572,-1.82734830968688
94.0435641716438,-1.81863710998035
94.1349945455325,-1.8100154695991
94.2266177738615,-1.80145732876295
94.3156912960094,-1.79230727140005
94.4030309596426,-1.7831661187451
94.4908168533144,-1.77400808446616
94.5783259513455,-1.76486897300009
94.6658302862766,-1.75567481201799
94.7540200712032,-1.74683784697395
94.8409387161186,-1.73819668624889
94.9256825406156,-1.72953939886063
95.0131298498617,-1.7220215344587
95.1008446561599,-1.71485322216914
95.1900628906309,-1.70787878548818
95.2792111142552,-1.70104101253272
95.3682713736747,-1.6946374562715
95.4550342559539,-1.68815876534108
95.5421247504868,-1.68221787258484
95.6296456232459,-1.67603814610894
95.7174674118489,-1.66807907696549
95.8053763785222,-1.66001653307269
95.8935463411112,-1.65187605804797
95.9829837595266,-1.64351154119058
96.0711884013647,-1.63470834184526
96.1595506737009,-1.62577135180701
96.2478714188229,-1.61651017610254
96.3362376162355,-1.60828677727002
96.4244067224949,-1.59971054481214
96.5127204075979,-1.59149522374917
96.6011216963412,-1.5837049265114
96.6904175968035,-1.57578208687914
96.7795697152113,-1.56709071406695
96.8686238110576,-1.55943352555967
96.9578526901392,-1.55187837294031
97.0471268769464,-1.54273697947556
97.1362835182521,-1.53291426597518
97.225423506777,-1.52371784660731
97.3146983883402,-1.51434865980008
97.4042837465345,-1.50431581438253
97.4937944478276,-1.49478895195673
97.5833701299464,-1.48504196648485
97.6728498618296,-1.47546289404289
97.7624392150131,-1.46576209064298
97.8518989927109,-1.45581751963779
97.9413524547423,-1.44585934753131
98.0309430549859,-1.43496744543054
98.1206628020603,-1.42471546745752
98.2098013359696,-1.41565041319018
98.2983571839861,-1.40658643842351
98.3871567579001,-1.39677617944618
98.4751875050792,-1.38790124123864
98.5640577976705,-1.37827428389156
98.6526322003284,-1.3693435837056
98.741380266892,-1.36054404121392
98.830592554459,-1.35179451591985
98.9197911751107,-1.343175188572
99.0091239918973,-1.33454732959651
99.0982947063013,-1.32606787807811
99.1872024130903,-1.31761646700314
99.2755524767343,-1.309657755459
99.3634171293812,-1.30187751785131
99.4505881694717,-1.29425427810262
99.5377927205444,-1.28675694471609
99.6254004685306,-1.27916605566255
99.712824641258,-1.27046199433447
99.8002034126909,-1.26286130584844
99.8876146993128,-1.2545358057853
99.9751450181334,-1.24570762396324
100.062617326451,-1.23705000756215
100.150102187372,-1.22852887019959
100.238244285528,-1.21987389574964
100.325882105336,-1.21110187043846
100.414521530208,-1.20229692193561
100.503300333607,-1.19355284686498
100.591513133235,-1.18466093382099
100.679679221343,-1.17576553398683
100.767685088792,-1.16672575586969
100.855420946658,-1.15774516945817
100.943362016197,-1.14888585142928
101.031150022328,-1.13999080755807
101.118412276144,-1.13094204336842
101.206261323724,-1.12039843288442
101.294123292779,-1.10851571584778
101.381967457137,-1.09676981102074
101.469962394756,-1.08504839815429
101.557956068673,-1.07342082347053
101.645366891441,-1.06202095609011
101.732611261865,-1.05073492331063
101.819791343096,-1.0406528643801
101.906784557448,-1.0306173991686
101.993629263385,-1.02039406506017
102.080455014828,-1.00882855990481
102.166312636126,-0.994815741670192
102.25174176137,-0.981788250459132
102.337217183136,-0.968988487857711
102.422760369711,-0.955912620130712
102.50832575323,-0.942807912531898
102.593920455384,-0.929840008537935
102.67956648932,-0.916531204528822
102.765050253518,-0.90333680244172
102.850155292907,-0.890225864915418
102.934968187441,-0.877286447812675
103.020223542925,-0.864247417831423
103.105652163965,-0.851355068639855
103.190440490508,-0.838584921638856
103.275034444379,-0.825923110543391
103.359692799773,-0.813398676539523
103.444396392784,-0.800936772216127
103.528426126776,-0.788304429385796
103.612378830423,-0.775682386386219
103.6964122666,-0.763074599334785
103.780387451958,-0.750481852860093
103.864842503051,-0.737828828308005
103.949200075317,-0.724823284681768
104.033944132892,-0.712240558208789
104.118633081489,-0.699616008238168
104.203243176996,-0.687154897052099
104.286143256162,-0.674668871586642
104.368977667482,-0.662127752863042
104.451802576978,-0.649610706983832
104.534781326814,-0.637219110107349
104.617689146902,-0.624615048030203
104.699977873509,-0.612153749444203
104.782157415323,-0.600370763551321
104.864336048655,-0.588630179610014
104.946491847157,-0.577011139857999
105.028634112432,-0.565378325336689
105.110724058016,-0.55387233668418
105.191875208916,-0.542256218769356
105.273363880651,-0.530705313412811
105.354839300421,-0.519193132821172
105.436069731599,-0.507581102438912
105.517263589061,-0.495757430048412
105.598455604999,-0.482497819609866
105.678982149947,-0.468912640151877
105.759268707118,-0.45545112226786
105.839360308071,-0.441908906750689
105.919250112039,-0.428369003534577
105.998988040106,-0.414797622917097
106.078508075561,-0.401135754246268
106.157782536712,-0.387418069524629
106.236868717565,-0.373882524382505
106.31582106379,-0.359623372627956
106.394736635246,-0.344841161298686
106.473273629317,-0.331238271183556
106.551827023078,-0.316725373751384
106.630185968055,-0.30321029164589
106.708430870227,-0.289672069840198
106.786541629505,-0.276084067572062
106.864426324798,-0.262793880992064
106.942010942872,-0.249578302301228
107.019377113182,-0.236446850895288
107.096593102898,-0.22328505263278
107.173802123152,-0.210160545298448
107.250759011845,-0.197129484250897
107.327489190533,-0.184066443159099
107.404183977583,-0.171202808651196
107.481180275752,-0.15828417403397
107.558146220302,-0.145675766014526
107.634795603843,-0.133114350162524
107.710868913774,-0.120604761063075
107.786530411822,-0.108327610533025
107.861886574859,-0.0960164819792921
107.937173504574,-0.0838227164129078
108.012286841966,-0.071363845066838
108.087107130273,-0.0585891246575314
108.161826489547,-0.0457444402184381
108.236227470724,-0.033115763726339
108.310500477709,-0.020471319539571
108.384774202181,-0.00791711649342461
108.45862254089,-0.000122703857357532
108.532621973582,0.00773464882422078
108.606361811798,0.0156416894571331
108.680123544841,0.0238103093052519
108.753709499756,0.0323055286909761
108.826440696191,0.0408006492876399
108.898992284823,0.0494864354798174
108.971387547407,0.058441068291953
109.044218665478,0.0672523607204241
109.116800323916,0.0754305939528833
109.18932677695,0.0831267978803964
109.261563050289,0.0911324914021923
109.333770293648,0.0992899835389146
109.405951514293,0.107257967426059
109.477819059761,0.115347206378208
109.549485618538,0.123042807194039
109.621132902181,0.13426813881039
109.69271696805,0.145386895879697
109.764052714836,0.15630093077959
109.835553379384,0.164276199637293
109.906698515543,0.171995865562931
109.977877388552,0.179962383453305
110.049689482605,0.186176014604639
110.121392256516,0.191183682909161
110.192718196928,0.195906565379615
110.263974326635,0.200750500518898
110.334973748831,0.204736668209487
110.405834545051,0.2080052407639
110.476546923612,0.211101310237068
110.547046853737,0.213847379767
110.617538632235,0.219596445290614
110.687932422539,0.22549223744216
110.758231619684,0.231402212793094
110.828367617044,0.236561588181119
110.900185210952,0.241623248116765
110.971343310328,0.24676869777533
111.042317868911,0.2517854274612
111.113149484876,0.256776717391028
111.184083293565,0.261997924994628
111.255138027191,0.267236244118591
111.326186413262,0.272446243458048
111.397435505213,0.278478728474495
111.468631497723,0.28420730249315
111.537972788217,0.289763189036325
111.607335687098,0.295435408471847
111.676547097693,0.301149758433921
111.747075916627,0.306751471730498
111.817422825596,0.312111063940417
111.887280890752,0.317119378536043
111.956911682011,0.320963417950459
112.026300858472,0.323026124454966
112.095371459102,0.326377899701063
112.16285746441,0.329398092628079
112.231435574052,0.332431587038904
112.299743340047,0.335149395318414
112.368032044297,0.337264782829627
112.436222192384,0.337937295108835
112.504311764062,0.339051082779212
112.572045760433,0.34036786711862
112.639480565834,0.341800706218415
112.705923463666,0.341305762896283
112.772418839657,0.340556209895578
112.838935034645,0.340058267825371
112.905144636054,0.339707571668497
112.971286705005,0.338833240078992
113.037347855912,0.337730373540066
113.103398599795,0.336576378178275
113.16918965968,0.335158170599523
113.2346253332,0.333770474100083
113.300081408561,0.332342832820356
113.365487803527,0.330610686079657
113.431071751237,0.328963248110097
113.496534253994,0.327120683642205
113.561948918878,0.325184488499955
113.627127473074,0.323380767098225
113.692102324182,0.321356792010396
113.756839778608,0.319307144440511
113.821494362321,0.317468196253087
113.885869271193,0.315642557032311
113.95019151428,0.313778227067704
114.014791268168,0.31202585825613
114.078834362978,0.310192162628125
114.142570963473,0.308324254794538
114.206172321517,0.306930092495222
114.269594700896,0.307834606414995
114.332930171734,0.308596081578091
114.396207992647,0.309497607353484
114.459421816408,0.310394259558316
114.522683264739,0.311172117384699
114.585759977394,0.311943023762449
114.649111907194,0.31262611303544
114.713088422071,0.313548989775562
114.776993341175,0.3146901754017
114.840221166152,0.315885273425288
114.903551949092,0.317131718932834
114.966802004166,0.318598634920217
115.029874639692,0.31949590451756
115.092700586821,0.319892059095986
115.155423844253,0.320831487470713
115.218059723709,0.321605810462669
115.279973757761,0.320936018174431
115.342270402928,0.321553517795959
115.404136213383,0.320289746294978
115.465844685246,0.319053250286312
115.528029314131,0.317515770267844
115.590171026683,0.31624190002151
115.652159878684,0.31478134181916
115.714168889306,0.313186378101472
115.776148182743,0.311859121902176
115.838040171489,0.310484304385528
115.900394080861,0.309039087664668
115.962101292051,0.307610249970933
116.023486283641,0.306116399514458
116.084750981915,0.304703874922843
116.145806321342,0.303270610759325
116.20676298078,0.301971650361414
116.267552365733,0.300539525287277
116.328244007119,0.299688830928684
116.3886594642,0.300117871861843
116.449134600711,0.300548615728074
116.509413922281,0.300923598200332
116.569530286811,0.300705338139564
116.629747992733,0.300531928839581
116.689982273695,0.300694161474667
116.750175596347,0.300775823677631
116.810274290223,0.300710625383292
116.870340511109,0.300583552617795
116.930146998121,0.300417850016236
116.989887463689,0.30009972233621
117.049583309142,0.299932090240614
117.10921170768,0.299694129894033
117.168819072109,0.29965453667542
117.22823323305,0.299460290888183
117.287308300513,0.299423896178179
117.346771242559,0.299398108274976
117.40610440949,0.299328081258058
117.465290784851,0.299227198483043
117.523829927431,0.299153346702793
117.582837763249,0.298624606430096
117.64190125095,0.298266461255799
117.700917717795,0.297492265426103
117.759924423892,0.296429057463473
117.818903575273,0.295237182386451
117.87772880578,0.293943899548056
117.93599336165,0.292869087110784
117.993995789328,0.291739923845152
118.052076458433,0.29080771075433
118.111795807117,0.289640884393542
118.171319736632,0.287532000614873
118.2307056053,0.285265553859082
118.290433330633,0.283200899904883
118.350127262334,0.283544069213688
118.410299944317,0.283871231985708
118.470440886797,0.28427209275348
118.530455890354,0.284626061416719
118.590417612382,0.284608836932563
118.65019774198,0.284544264362664
118.709938123411,0.28419918924919
118.770652108561,0.286419208361048
118.831506175006,0.292024098026207
118.892222033264,0.29936090125074
118.952639014071,0.302546823090624
119.013090933524,0.305283534432094
119.073160824885,0.306781149076616
119.133106632958,0.307931500981254
119.193170325384,0.309617371721853
119.25310442455,0.311286687627045
119.313031372605,0.312972863646147
119.37294949069,0.314684582734329
119.43267942056,0.316243938141397
119.492528888457,0.317659156744355
119.552339649276,0.319414533158603
119.61197750733,0.320428117915479
119.671502266585,0.320786884227395
119.730985094989,0.321470786374739
119.790330211567,0.322302998179534
119.84966680436,0.323024080501244
119.908771247198,0.323797416935468
119.967861913171,0.325129813728871
120.027055979313,0.327076513578265
120.08639774827,0.329043037575442
120.145706517118,0.331193810919251
120.204869393997,0.333280713270339
120.264221441727,0.335500086020478
120.323779809334,0.337722768690953
120.383227018439,0.339740214957749
120.442496333876,0.342009131232033
120.501668982513,0.344200510426534
120.56049254096,0.346164981391521
120.619405527234,0.348068093130133
120.678524720028,0.349772466811761
120.737522593701,0.351648519467015
120.797358570777,0.35369660897644
120.857156644003,0.355905401604389
120.916904592534,0.357890528822372
120.976607435639,0.359323903979846
121.036187326425,0.360486722292476
121.095725021634,0.361681817504266
121.155308384561,0.362811623826062
121.214595129851,0.363771982565151
121.274089292422,0.36474824635288
121.333379894534,0.365718979448013
121.392622131536,0.366581056322545
121.451742605264,0.367410101311397
121.510715374537,0.368129375696673
121.569810658257,0.368887673641433
121.628918930606,0.369561264116447
121.689664510798,0.369568387533427
121.750324021816,0.370482776704106
121.811249783947,0.368864239445823
121.872301108713,0.365577958339545
121.933602032948,0.362290810680424
121.994707060334,0.358843785727035
122.055777494399,0.355980784374131
122.116995103113,0.353374100623245
122.178203746149,0.350817612055165
122.239208561748,0.34903763003863
122.299867127334,0.347502196709004
122.360607138979,0.346095452593432
122.421017068728,0.344922309556091
122.481508710837,0.343932736437688
122.539299884785,0.342546126728938
122.596355545909,0.34221338294087
122.653353002672,0.34337587679762
122.713150007018,0.347477217445057
122.773010714749,0.351783137345658
122.832888984141,0.356914763615739
122.892538848331,0.362140411450473
122.952212333152,0.367274081631754
123.011883586961,0.371671426669257
123.071396927454,0.376273966850668
123.130824246892,0.380952914988644
123.190170829427,0.385891006934887
123.24960226513,0.390789458410529
123.306222768412,0.395731345943304
123.362828102596,0.400898060420907
123.419538315093,0.406195941773371
123.476169755839,0.411313911941205
123.533017932413,0.416353075491769
123.589453968076,0.422252941869354
123.645851527356,0.427727969995463
123.701268735002,0.434144749867126
123.756698012042,0.440811518601799
123.813079793189,0.447410076042426
123.868038014493,0.454176781374784
123.923082621222,0.46083197994935
123.978062455221,0.467532970359245
124.033085128897,0.475163406272469
124.089128363123,0.483148873428428
124.144086325588,0.489610375643264
124.198938250779,0.497855693685592
124.253955323627,0.504956316857401
124.308917587978,0.516475617366937
124.363689598884,0.52830810859701
124.418483706163,0.540046622936527
124.473041075704,0.552180733134782
124.527635726172,0.565842131063123
124.582296643935,0.578599504497586
124.636825552286,0.591336693629364
124.691350136074,0.604136825188859
124.745676373403,0.618496851345362
124.799977669448,0.633032348043281
124.854222282666,0.647060037298277
124.908610433291,0.661118176366846
124.962843195294,0.675320518799468
125.017085236854,0.689732377612007
125.071208001746,0.704324311483096
125.125254271257,0.718636231630434
125.179257511683,0.733059227968655
125.233218979974,0.747219716617408
125.287153525362,0.761735262945921
125.340888386114,0.776227017826091
125.394596342528,0.790936721729911
125.448267199854,0.805765752014988
125.501870997845,0.820520643786885
125.555585686418,0.836760206127256
125.609262202919,0.852780913317359
125.662803141254,0.868295312559617
125.716398392723,0.883526380343831
125.769904858537,0.898397855709484
125.823075386828,0.91278925512262
125.87622719083,0.926794872419778
125.929317264583,0.940582784454751
125.982314462736,0.953629410254891
126.035124865448,0.964106052960828
126.087985435257,0.974604988395737
126.140549492644,0.984670002052975
126.193147888493,0.994609512432411
126.245619847043,1.00432813697882
126.297834765649,1.01356537810317
126.349966666498,1.02281784325554
126.402060790474,1.03199317549897
126.454047922166,1.04081706559733
126.506222334336,1.04937147237246
126.558261025561,1.05762118754793
126.610161951257,1.06546066742626
126.662055720772,1.07345609827521
126.713886641971,1.08143550429039
126.765645204106,1.0895559039475
126.817374104988,1.09789812012171
126.869118054109,1.10763434818827
126.920684548027,1.11588857982277
126.972350063923,1.12613051685108
127.023783685421,1.13540226417842
127.07509374165,1.14477906354556
127.126221958193,1.15501979462389
127.177119771171,1.16538177721931
127.227721610319,1.1758897163301
127.278152426269,1.18652751746601
127.328530139766,1.19740800582191
127.378860580279,1.20839220365852
127.428949070083,1.21956125228057
127.479152207151,1.23049713603263
127.529286898777,1.24145260205922
127.579292563273,1.2522314666745
127.628931731059,1.26318730098749
127.678578408329,1.27435742390174
127.728006958804,1.28487696504621
127.777198721607,1.29545570157802
127.826044014606,1.3048496465826
127.874631353798,1.31430253686061
127.922989264776,1.32382443636357
127.970776319266,1.33361850955781
128.018418901059,1.34331333532915
128.065654287095,1.35314603303318
128.112702501031,1.36309798861569
128.15939611994,1.37301143761058
128.205919955474,1.38300111173803
128.251908506281,1.39326676936101
128.297516482273,1.40344773321602
128.342998967423,1.41373394124914
128.388117134316,1.42475667535397
128.433073983194,1.43596552317506
128.47782341065,1.44585982965663
128.522129266315,1.45668807750056
128.566340193566,1.46681020178974
128.610442534301,1.47784615611114
128.654245067037,1.48878045440404
128.697542815736,1.50005946766636
128.740759201759,1.51103424652737
128.783561514983,1.52240373081752
128.825969554176,1.53399165058174
128.868146890387,1.54466562757305
128.910104760401,1.55644308899253
128.95178957388,1.56829975180717
128.993094621209,1.58044976885814
129.033968463383,1.59150494792111
129.074392088139,1.60286763517225
129.114728736179,1.61599038340327
129.154824634009,1.629120382747
129.194363563379,1.64216062592897
129.233612889107,1.65155084870081
129.272629138417,1.66098760810901
129.311144619168,1.67041936998861
129.349573410448,1.68062890386535
129.387674070308,1.69142048718515
129.425445862851,1.70133965216456
129.462965969962,1.71226448031312
129.499123844848,1.71942025852697
129.534762912584,1.72458266648699
129.5701971492,1.72705264220038
129.605660937252,1.73375496813971
129.640814660908,1.7406426492012
129.675751044837,1.74817051022604
129.710168655016,1.75466693232681
129.744385350734,1.76043416095488
129.778404546315,1.76625940680095
129.81205537589,1.77238399426486
129.845378594824,1.77796648922914
129.878568348763,1.78379572385994
129.911117632404,1.78977627020452
129.94342632311,1.79590096799089
129.97571848465,1.8016883501782
130.007812251628,1.80767173703018
130.039715708018,1.81352042757881
130.071325645167,1.81926082736689
130.102626811915,1.82504998670584
130.133807091405,1.83075437596028
130.164583738341,1.83579602384094
130.195220862436,1.84038251214902
130.225497672871,1.84475795309543
130.255344655138,1.85008097149026
130.285285457524,1.85452738239063
130.314429537195,1.85869506002982
130.3432897877,1.86278168513503
130.371658949052,1.86697419875403
130.399952169014,1.87183742173108
130.428039169719,1.87592608926606
130.456003258893,1.88022581891769
130.483646111726,1.88445659608019
130.511011614714,1.88882339226229
130.537956475963,1.89313084328542
130.563553155018,1.89722961774622
130.589052235326,1.90106885325609
130.61421679879,1.90511515757909
130.639131977054,1.90934774710633
130.66384223784,1.91362690837841
130.688312478656,1.91772673304878
130.712423075423,1.92187489106944
130.736553301397,1.92594955957376
130.760320188511,1.93015949913545
130.783757969427,1.93421510850568
130.807112600503,1.93828211255368
130.830025406449,1.94224531038254
130.852872816033,1.9460331871254
130.875225118144,1.94967143491628
130.897527632721,1.95349829955567
130.917688702177,1.95799194630695
130.937528355159,1.96187875616215
130.956969176327,1.96811125794005
130.975931109286,1.97651192372355
130.994498229853,1.98488757104138
131.012898392015,1.99339144117922
131.03095787237,2.00195025318214
131.048670660126,2.01046907118162
131.066076597348,2.01900144650333
131.083336956118,2.0262724716063
131.100578591196,2.03342146449901
131.11755652343,2.04076220924547
131.134254561769,2.04779325666767
131.150759801809,2.05489532628082
131.169705397862,2.06227380113176
131.188458929083,2.06951735702308
131.207063766719,2.07533498651293
131.222397319748,2.07830226002739
131.23747710806,2.08131123929502
131.252215646275,2.08424632100555
131.267063428125,2.08724384705762
131.281624597949,2.09045424026403
131.295857764879,2.09442698590023
131.309619602285,2.09816267981518
131.323394683812,2.10170209503092
131.336930871399,2.10495214604318
131.350187300589,2.10832272158726
131.366075781195,2.11168586515572
131.381606191225,2.11475030153556
131.396956800237,2.11779928477338
131.41212340549,2.12104901611556
131.426917760314,2.12423292134492
131.441733430246,2.12664825173776
131.4562870041,2.12957846445018
131.471565167262,2.13161611904988
131.486868082904,2.13370595034137
131.50080490631,2.13609732726645
131.515736267492,2.13829819678504
131.530405620781,2.14075380047304
131.544627118723,2.14301780218231
131.55863478465,2.14444084948723
131.571459625551,2.14565783020827
131.585112163131,2.14768982116328
131.598583390563,2.14979425224398
131.611653763129,2.15142712705661
131.624448140898,2.14898897008113
131.637176725952,2.14642040439415
131.649497094688,2.14381849584847
131.661842098603,2.14091231877641
131.673910056523,2.13817548675377
131.685794569918,2.13528503884454
131.697524250193,2.13237060401588
131.709058264185,2.12934100175663
131.720455107324,2.12645722019921
131.731605681012,2.12351814473023
131.742505678964,2.12077423514319
131.753079358302,2.11789454570727
131.763270347473,2.11487525578584
131.77340648709,2.11179620098625
131.783215324027,2.10847737263992
131.792895210276,2.10549261195878
131.802360180819,2.10241514795054
131.811539699369,2.09964773438274
131.820559430621,2.09666180512582
131.828997673888,2.09383453202888
131.837402704905,2.09087502362093
131.845598686898,2.08787551469368
131.853654167772,2.08490336861312
131.861408191759,2.08054058441861
131.868892586693,2.07649394356
131.876217271492,2.07274100617375
131.883265282567,2.06916851853179
131.889965880226,2.06596813088552
131.896830280565,2.06296105166555
131.90345017774,2.06056819287951
131.909915071386,2.05836799062917
131.915796286832,2.05633477241019
131.921764987221,2.05436118459412
131.927369102648,2.0525227105334
131.933042722774,2.05101749919024
131.938361133238,2.0495768834262
131.943245039254,2.04856363853819
131.948271913883,2.0479723322531
131.953220328707,2.04747904256488
131.957727890484,2.04698570580674
131.962237869169,2.04670751413267
131.966419868255,2.04650077705152
131.970377662381,2.04634882792253
131.974178833326,2.04637600014552
131.977735656148,2.0462216043505
131.981120193219,2.04624246637388
131.984287923452,2.04552418169688
131.986995635159,2.04484634311251
131.989603549421,2.04418784000353
131.991869998749,2.04348213709921
131.993699149114,2.04268368541972
131.995760716248,2.04294364269295
131.997678878692,2.04326962532517
131.999376967507,2.04250181076243
132.001021203743,2.0417082704792
132.002544332743,2.04087024282944
132.003886235382,2.03971591847531
132.004828795434,2.0384346959552
132.005740314323,2.03720280344853
132.006521416332,2.03579647674909
132.00688813775,2.03455579633803
132.007133739433,2.03343308157536
132.00741763559,2.03244928510887
132.007796857819,2.03128329761635
132.007966617095,2.03007764843428
132.008089291803,2.02911055597778
132.008123847481,2.02815377180139
132.008182361605,2.02838166108951
132.008070751906,2.02851810870969
132.007957848188,2.02876945116472
132.008255646746,2.02896325205207
132.008422265698,2.02905061371034
132.008393419771,2.02897231248132
132.008240091377,2.02902741536385
132.008327230155,2.02906884371978
132.008502381079,2.0288699343655
132.008796976887,2.02858491247229
132.009115793334,2.02831961625504
132.009219621447,2.02802159936708
132.009053433501,2.02674370893674
132.009071159866,2.02537078796807
132.009082059356,2.02520857099992
132.009332615759,2.02416236753357
132.009528516911,2.02400076748637
132.0095072148,2.02305926998601
132.009499450267,2.02208771337849
132.009703841436,2.02116265105056
132.009400180439,2.02032408177488
132.009349718605,2.01950107490611
132.009409901556,2.01842967115731
132.009182102604,2.01843195499922
132.009187266786,2.01742786942619
132.00904293151,2.01654203819481
132.008894007223,2.01536955966291
132.008718241991,2.01512212259536
132.008981537844,2.01485722797804
132.009043265142,2.01355940656865
132.008868280394,2.01247457560777
132.008695405137,2.01124809659244
132.008720388872,2.01113354413092
132.008748315858,2.0108750131629
132.008942425328,2.01064460657557
132.008892823468,2.00952648022721
132.008914490984,2.00851041455527
132.008781459383,2.00827386073012
132.008580617611,2.00722273127946
132.008693001516,2.00735223644795
132.008750140623,2.00632431004961
132.008562230694,2.00618176998403
132.008404501788,2.00601909290396
132.008162772332,2.00591135859202
132.008124754485,2.00489392548374
132.008125375907,2.00479965054894
132.008056627125,2.00499552411529
132.007968214146,2.00499086505659
132.007989497198,2.0048254924228
132.008035714013,2.00480955351087
132.008009162831,2.00488111180944
132.008110640777,2.00472123139313
132.008334816098,2.00436702333054
132.008207611112,2.00412336754647
132.008202762623,2.00400716482663
132.008015259524,2.00398157718758
132.008074896092,2.00387648078485
132.008044588066,2.00391347216173
132.008099832669,2.00383747653106
132.008159046266,2.00366593497803
132.008052557737,2.00364705114352
132.008044698823,2.00361805188564
132.008015866197,2.00245520395923
132.0079395437,2.00213934622878
132.00772169316,2.00199034716617
132.007417305536,2.00197618649614
132.007566939684,2.00200590684701
132.00740053448,2.001007755592
132.007190033623,2.0005652121591
132.007057993782,2.00113100121201
132.007174470893,2.00179619339082
132.007321951057,2.00263102262292
132.007340798683,2.00269060434855
132.00771015591,2.00280127323474
132.007608155929,2.00289587903835
132.007547905921,2.00293749970804
132.007490898816,2.00301508804022
132.00748832531,2.00329979275967
132.007659956922,2.0044391068561
132.007847338622,2.00568687153383
132.007732390539,2.00711968655701
132.00793508282,2.00823695487961
132.007821765273,2.00921165897634
132.007859796538,2.01029897179085
132.0077714361,2.01128433923197
