-7.92560470504058,-38.925291854239
-7.92462958680254,-38.9249382145882
-7.92478646089965,-38.924096029596
-7.92483296560216,-38.9235699360742
-7.92488954955015,-38.9228285544301
-7.92373479604279,-38.9224978200621
-7.92296231448278,-38.9222435520778
-7.92321774185323,-38.9217603333835
-7.92320731197529,-38.9216611463219
-7.92238129848473,-38.9211709120841
-7.92246639498323,-38.9206792608946
-7.92161353741409,-38.920372224747
-7.92056924327855,-38.9199508434953
-7.91981337058667,-38.9195347759714
-7.91940863834589,-38.9194685868139
-7.91936223447322,-38.9191378798168
-7.9185691246806,-38.9187725464884
-7.91709723477382,-38.9185725077354
-7.91632487622324,-38.9182338605575
-7.91640238068606,-38.9179534001205
-7.91649372699425,-38.9177772820602
-7.91633815239595,-38.9171497007554
-7.91657855694229,-38.9164981860438
-7.91656539313576,-38.9166597749267
-7.91667805793328,-38.9161386833631
-7.91684874168617,-38.9162070930837
-7.91680401403329,-38.9158521705196
-7.91687234612222,-38.9154059219197
-7.9170258981188,-38.9152590824316
-7.91649572542083,-38.9152188705188
-7.91637072575975,-38.9145804293945
-7.91645367350217,-38.9141785779643
-7.91660407325765,-38.9139539847178
-7.91661686827044,-38.9136095825745
-7.91666698888416,-38.9133477413529
-7.91577263293333,-38.9129461826561
-7.91567524880845,-38.9123054075097
-7.91494091120179,-38.9113240309732
-7.9139586496625,-38.9106167885162
-7.91303184588703,-38.9104279132358
-7.91199098687215,-38.9103165312551
-7.91084880022507,-38.909278193758
-7.90954634130914,-38.908471869496
-7.90886773882471,-38.9075155669366
-7.90988760082012,-38.9064267178022
-7.90982786264127,-38.9050022378355
-7.90929767874263,-38.9038971969809
-7.90791815380963,-38.9024430047251
-7.90633235729268,-38.9004480225887
-7.90500775556895,-38.8983153395224
-7.90329157050883,-38.8961655857053
-7.90120997019067,-38.8938056038922
-7.89866777755504,-38.8918895798502
-7.89613817452301,-38.8893130259447
-7.89402292613711,-38.8871153432246
-7.8919415208428,-38.8845332261177
-7.88949866160437,-38.8824315272542
-7.88786275154933,-38.8802427588914
-7.88477827462158,-38.8775165701224
-7.88057783538677,-38.8750315772114
-7.87610573775431,-38.8725753175261
-7.87109368069232,-38.8700158829428
-7.86570061619378,-38.8668261493664
-7.86030910254732,-38.8631367181734
-7.85453966917585,-38.8593398636895
-7.84823731523728,-38.855078823913
-7.84174828723159,-38.8508705313818
-7.83501930083823,-38.8464217344908
-7.82804320491621,-38.842504102227
-7.8207982873874,-38.8384362070589
-7.81315730135695,-38.8342607057462
-7.80520792535357,-38.8294168615924
-7.79687473805982,-38.8252821173515
-7.78834638060906,-38.8210152845528
-7.779316929375,-38.8168797207226
-7.7700019947941,-38.8126275389383
-7.76051551146941,-38.8085993180007
-7.75071131194832,-38.80408876673
-7.74078993672936,-38.7999138258384
-7.73068119924782,-38.7952827425234
-7.72005462853921,-38.7905988822855
-7.70918653074583,-38.7858870351936
-7.69805652984013,-38.7807370507776
-7.68658581385971,-38.7758901769151
-7.67476891529862,-38.7709564636298
-7.66286422907491,-38.7661195155159
-7.65052400914231,-38.7606630346384
-7.63789345463033,-38.7552105418554
-7.6252222208707,-38.7500311313505
-7.6121209652153,-38.7453069657743
-7.5978834899424,-38.7400506427049
-7.58374761614471,-38.7348639614017
-7.56919148893763,-38.7287772503361
-7.5544464722832,-38.7232745923172
-7.53933108657518,-38.7179370744543
-7.52367714673002,-38.7125412103869
-7.50803190778969,-38.7072431981899
-7.49220251908498,-38.7019453313711
-7.47657983545042,-38.6924322050838
-7.46047072942525,-38.6873956944994
-7.4441256608254,-38.6775363439121
-7.42715087083395,-38.6725102855605
-7.40962171124789,-38.6674238155877
-7.3918109669482,-38.6618642503561
-7.37332760681332,-38.6553137332454
-7.35489319620143,-38.6487765861875
-7.3359786591557,-38.6388555435823
-7.31726746605353,-38.632345632178
-7.29766926972482,-38.6210488252927
-7.27807475966416,-38.6098956453039
-7.25801188824619,-38.5988750540353
-7.23793138994297,-38.5874916689705
-7.21579558813676,-38.5761154037673
-7.19289060810363,-38.5645653175085
-7.16920452106162,-38.5531575729033
-7.14555212821503,-38.5416526988572
-7.12146297379508,-38.529814670971
-7.09695640165655,-38.5145421345611
-7.07219669232232,-38.4996012421923
-7.04724279588803,-38.484471551236
-7.02195031757016,-38.4692697024168
-6.99695675222281,-38.4541272251557
-6.97175943411839,-38.438964487427
-6.946430603464,-38.4236696442448
-6.92078195961976,-38.4078451349072
-6.89463561669594,-38.3921562906874
-6.86812453572695,-38.3764712075652
-6.8410913899841,-38.3610920149103
-6.81363361469943,-38.3455608562517
-6.78568291095218,-38.3298469297195
-6.75706680821794,-38.3142693577077
-6.72768185334941,-38.2983349737299
-6.69798807268933,-38.2825421917912
-6.66727252073869,-38.2669151166823
-6.63665699952569,-38.2515788649243
-6.6065765390543,-38.2358993806945
-6.57410549788278,-38.2206605684275
-6.54223338201113,-38.2051540678046
-6.5096284907452,-38.1899561106097
-6.47460284708271,-38.1745279302014
-6.43899948887655,-38.1573814385836
-6.40483057986662,-38.1404273485868
-6.36834946838127,-38.1231711237556
-6.33344608494767,-38.1058828473476
-6.29824811970525,-38.0886037745885
-6.26233193476393,-38.0715651387482
-6.22598327342543,-38.0546156663168
-6.18856485999175,-38.0373511400943
-6.15006353745695,-38.0204718220525
-6.11134600364597,-38.0036294760108
-6.07199676477288,-37.9865060864438
-6.03333454717049,-37.9698009281928
-5.9933399777254,-37.9533678395328
-5.95380441724581,-37.93665262391
-5.91262723507798,-37.9200976084556
-5.87090498836466,-37.9033107886467
-5.82856918450122,-37.8862027759375
-5.78619345456481,-37.8691557874035
-5.7436179505477,-37.8528207710565
-5.70258888522463,-37.836366236125
-5.66121910943159,-37.8197659646449
-5.61794797469723,-37.8030229543531
-5.57520737528824,-37.786494010345
-5.53097667010735,-37.7697529484239
-5.48622821343192,-37.7534454978253
-5.4411154493208,-37.7374951273324
-5.39554743232323,-37.7214458683245
-5.35035440951721,-37.7055692898954
-5.30373095371966,-37.6899371353688
-5.25643634503217,-37.6745140981186
-5.20911882477455,-37.6592497455997
-5.16156233046638,-37.6441082998961
-5.11354219007416,-37.6283967587398
-5.06532225497816,-37.6128139097168
-5.01709339144539,-37.5971264094877
-4.96827945156986,-37.5814495941598
-4.91948815039538,-37.5646484459644
-4.87122330113688,-37.5486081808135
-4.82151683408189,-37.5326678809772
-4.77260674650839,-37.5173555174762
-4.72231461290554,-37.5003412684091
-4.67131800592703,-37.484194371851
-4.61985376056573,-37.4678466366847
-4.56935337634354,-37.4513220743406
-4.51854356796644,-37.4345501939906
-4.4675220746573,-37.4176539043917
-4.4157756760569,-37.4005816236834
-4.36383230062205,-37.3831215274535
-4.31163191010871,-37.3661142434013
-4.25983558849669,-37.3489370177194
-4.20831482271555,-37.3316754632873
-4.15747944001617,-37.3142089561984
-4.10641446806408,-37.2975021718457
-4.05476113505157,-37.2809323961885
-4.00332558530659,-37.264384882588
-3.95018655767011,-37.2482289428195
-3.89752277772384,-37.2319889206842
-3.8441754782614,-37.2156540228363
-3.79017372187556,-37.1993214087856
-3.73555433343531,-37.1824231284468
-3.68110015707446,-37.1653410958402
-3.62632575607072,-37.1483199292292
-3.57017696379112,-37.1313195854893
-3.51419795983773,-37.1144626024198
-3.45798460045521,-37.0976207022062
-3.40300291138278,-37.0807203241354
-3.34771479077177,-37.0637497999928
-3.29088176312329,-37.0470442170986
-3.23381967292127,-37.0302879022664
-3.17715406581757,-37.0136656622967
-3.11927552674782,-36.9970895859963
-3.06192723652791,-36.9804469532507
-3.00431336974679,-36.9632624891937
-2.94597364784188,-36.9458157787577
-2.8864964178218,-36.9282129640904
-2.82662759111731,-36.9109476188283
-2.76705188171839,-36.8934957454305
-2.70748720933668,-36.8759241992572
-2.64751107002907,-36.8584025660124
-2.58682307176212,-36.8410038891158
-2.52577703831986,-36.8234383193782
-2.46423860954758,-36.8060761472538
-2.40220768502843,-36.788805971232
-2.34021818759653,-36.7713048032366
-2.27788292216945,-36.7542504965627
-2.21535932630595,-36.7367557204961
-2.15250217439934,-36.7194474869161
-2.08910634459237,-36.7020809806144
-2.02521254213058,-36.6845290484034
-1.96095550849947,-36.6665144644288
-1.89668373050278,-36.6488086628603
-1.83200703588417,-36.6305716698093
-1.76725825020045,-36.6121991828433
-1.7023938997097,-36.5937465926934
-1.63713448312967,-36.5752830812027
-1.57240366438127,-36.5570860456475
-1.50665237003251,-36.5391937680128
-1.4412683910148,-36.5218869232079
-1.37591808021603,-36.5042021795755
-1.31019461923785,-36.4864853337669
-1.24405456717989,-36.4684171761391
-1.17768196840451,-36.4513962758027
-1.11129672385594,-36.4339318376287
-1.04544464923482,-36.4165260610693
-0.978603849077038,-36.3988396237374
-0.911606227729554,-36.380973012118
-0.844677753296642,-36.3627645830897
-0.77865831109187,-36.3448544541803
-0.712763521304289,-36.3272915596471
-0.646450833265522,-36.3100391669269
-0.580165598300826,-36.2931217819285
-0.513792205347996,-36.2764138529629
-0.447468199141053,-36.2594861750186
-0.380865478881426,-36.2428818544831
-0.313392560207114,-36.2262237915833
-0.245734297140639,-36.2101083951133
-0.178250196040218,-36.1934034912873
-0.111020248906905,-36.1765964493693
-0.0438470534053172,-36.159432000116
0.0221985711804316,-36.1421098663295
0.0883580869850518,-36.1245150051667
0.154477101676948,-36.1068753537429
0.220530067733106,-36.0896733130201
0.286761666257086,-36.0728901669147
0.352856415878695,-36.0563636830413
0.418791807030134,-36.0405410553297
0.484691249191296,-36.0250604179866
0.550575886146292,-36.0097546375363
0.616450186381885,-35.9947698868221
0.681938786919631,-35.9800965515673
0.747620622781176,-35.9654549690302
0.812945652903144,-35.9513820828752
0.878319811265759,-35.9365638876645
0.943690102035818,-35.9210699820293
1.00872914960361,-35.9053644565853
1.07384911276444,-35.8895128977328
1.13896773765207,-35.8735765311137
1.20392430438957,-35.8572302020529
1.2690128591857,-35.8408090392608
1.33402497233497,-35.8244096773159
1.39895813807392,-35.8083267573663
1.46390059647316,-35.7931784801989
1.52895034867145,-35.7780653476591
1.59400812674483,-35.7631225245478
1.65905782631651,-35.7482031725799
1.72502129595208,-35.7331207387085
1.79083408266925,-35.7187124164739
1.85645735351875,-35.7039742281036
1.92251908173552,-35.6888882200199
1.98820736005848,-35.673102477983
2.05378245933898,-35.657197636131
2.11900707855747,-35.6415122662381
2.18438724219063,-35.6249005913057
2.24976404526648,-35.6076460834805
2.31501957477901,-35.5905172329101
2.38013867076121,-35.5734121825705
2.44450385978758,-35.5563447204779
2.50895762971967,-35.5391464920609
2.57395985152915,-35.5262148567725
2.63862939572354,-35.5089834883942
2.70342585234849,-35.4963810141646
2.76830692356038,-35.479726514306
2.83317651576975,-35.4630030853141
2.89783426497955,-35.4464848854162
2.96216990221237,-35.4305269066201
3.02667155845252,-35.4143430452881
3.09112744485495,-35.4006769144713
3.1560618158952,-35.3842374543882
3.22086130974988,-35.3719440920297
3.28547579383272,-35.3595950903682
3.34986752361608,-35.3471266362767
3.41353686199848,-35.3354262831122
3.47621175860331,-35.3235384701288
3.5384268504304,-35.3120084069542
3.60067590707766,-35.2998820746075
3.66259125466833,-35.2876046331402
3.72433212591013,-35.2753189046552
3.78604055618563,-35.266174218143
3.84759817826421,-35.257010696599
3.90931470918512,-35.2476295187498
3.97093356438918,-35.2384861362266
4.03283610401741,-35.2296647968314
4.09490891845725,-35.2205817867162
4.15693184112319,-35.2115971149361
4.21876104295206,-35.202813555874
4.28030331078315,-35.1937225333659
4.341778057573,-35.1886203439078
4.40280386846098,-35.1792990956196
4.46383771069984,-35.1699054453057
4.52450206313473,-35.1608384050119
4.58506394078288,-35.1517508925712
4.64527137234705,-35.1428504136254
4.70532097156073,-35.133943297633
4.76468146964229,-35.1250373267475
4.8243239575501,-35.1163092860138
4.88371824647205,-35.1077273412346
4.9409495392123,-35.0986307904862
4.99972251899096,-35.0898551976014
5.05804513617544,-35.0809726236887
5.11431500010816,-35.0719614203856
5.17013241357584,-35.0644277761487
5.22773312471458,-35.0570042805257
5.28345017010244,-35.0496055575083
5.3409908948423,-35.0421560713962
5.39817747242915,-35.0346459809543
5.45518275115317,-35.0272029701016
5.51223292573128,-35.0198096394295
5.56728597177859,-35.0125241314052
5.62202458291059,-35.0053532307919
5.67696922741293,-34.9980975429198
5.73132517050355,-34.9906746333252
5.78577704275942,-34.9829302882946
5.8398522801751,-34.9749180010636
5.89363930986006,-34.9671745447766
5.94706233785226,-34.9590706437171
5.99998777801388,-34.9510950909758
6.05299934542456,-34.9431769517029
6.10548429250174,-34.9354291484077
6.15798062598412,-34.9268712290536
6.21231116637672,-34.9181587813275
6.26664547159885,-34.9100187319519
6.31915316149152,-34.9018406273781
6.37149614666327,-34.8930075473138
6.42342841264279,-34.8843788433515
6.47509719355857,-34.8757467737776
6.52678275334512,-34.8666900039452
6.57809562240592,-34.8576607931209
6.62893307750421,-34.8486747415662
6.67955005062551,-34.8393580794925
6.72971171209289,-34.8299907062401
6.78022644867763,-34.8202909835924
6.8306588779267,-34.8107132776391
6.88096835748726,-34.801226810178
6.93130866798565,-34.7915127742701
6.9816993217925,-34.7820962079071
7.03214563564848,-34.7741948808114
7.08236909867456,-34.7671770460717
7.13228022743843,-34.7594162798893
7.18197297135487,-34.750763053977
7.23163003345342,-34.7416497266009
7.28102337248277,-34.7334235079951
7.32940943826115,-34.7239704857257
7.37732069132132,-34.7149686341197
7.42635744025638,-34.7062398388025
7.47591332723222,-34.6977054755684
7.52554503316122,-34.6893283672171
7.57437521549726,-34.6809976288809
7.62310559051955,-34.6732450464208
7.67178269398256,-34.6651412059189
7.72102598142796,-34.6581139062211
7.77073285793794,-34.6510787198937
7.82018207647731,-34.6439170677656
7.86974169132566,-34.6360614566074
7.91908831116462,-34.6278328020422
7.96866522871223,-34.6196796831523
8.01789071816265,-34.6111053957387
8.06680034677064,-34.6027527981135
8.11509968529763,-34.5941266699723
8.1629149835015,-34.5860356944348
8.2102852266442,-34.5784911884733
8.25812724941074,-34.5716121049336
8.30575389249378,-34.5648358349358
8.3533289860042,-34.5585180591054
8.4010338128614,-34.5518043594811
8.44862404304381,-34.5453461089334
8.49652205483684,-34.5381511589074
8.54445674625358,-34.5312608030808
8.59203164828357,-34.5239712921926
8.63946652111719,-34.5165819633677
8.68656297364994,-34.5090899224164
8.7336372308228,-34.5014719291963
8.78032774757838,-34.4977625650432
8.82695335496356,-34.4946317477528
8.87335064151642,-34.4883263991997
8.9191095041772,-34.4817655802322
8.96485915089317,-34.4750556284902
9.01028860194444,-34.4683997334182
9.05575762129201,-34.4618178171598
9.10114158979928,-34.4558061254569
9.14681278148859,-34.449451837695
9.19219714147921,-34.4431967816059
9.23746471884572,-34.4369848510668
9.28221901320279,-34.4305506439431
9.32699378348946,-34.4241544962543
9.37163306057964,-34.417684390964
9.41637317583671,-34.4114677134498
9.46091248175808,-34.4053465143184
9.50508840537885,-34.3995897805802
9.54896736299449,-34.3934729872362
9.59252837918967,-34.3875642173659
9.6361063875973,-34.3814250490355
9.67950805968174,-34.3755337486551
9.7228338525564,-34.3741116786151
9.76640782888836,-34.3721792219218
9.80956720838022,-34.3701987304121
9.85268299398281,-34.3639633703539
9.89581782055804,-34.3578448831244
9.93882606539924,-34.3512337523249
9.98184815296065,-34.3444105732802
10.024810621439,-34.3380785836181
10.0675909776246,-34.3318790076294
10.1100889274657,-34.3251226973828
10.152250321409,-34.3179427240426
10.1951808237924,-34.3109543942194
10.2379798045619,-34.3038830929883
10.280884967802,-34.2974596923552
10.3235243877929,-34.2912546031433
10.3662235741451,-34.2847014441294
10.4090640569794,-34.2783521087955
10.4518355405432,-34.2717538701897
10.4942811600208,-34.2641758327709
10.5368320047379,-34.2604553425148
10.5792853209806,-34.25702152599
10.6215303333755,-34.2501008752954
10.6635430215051,-34.2425910377981
10.7053553797442,-34.2386572417547
10.74727348399,-34.2313831854369
10.7892652664354,-34.2247400382912
10.8305492775004,-34.2182355293826
10.872454284837,-34.212417929046
10.9141587265681,-34.2069246736702
10.9556607502456,-34.2013466263424
10.9969877489713,-34.1958244900267
11.0382375789522,-34.1902903442723
11.0795434766815,-34.1838922270165
11.1206092743512,-34.1777695307868
11.1617138630708,-34.1715266003498
11.2029253205996,-34.1651758591009
11.2439883922204,-34.1577078736544
11.2851058083134,-34.150514691827
11.3260776409537,-34.1435205239199
11.3672096340626,-34.1361721053637
11.4081079797365,-34.1290232250153
11.4490343566537,-34.1223826953124
11.48989411747,-34.1159780052187
11.5307429282117,-34.1093357176226
11.5714716270126,-34.1033633796763
11.6123582960327,-34.097650833865
11.6532510723807,-34.0915930025555
11.6940635655336,-34.0859573459629
11.734671941926,-34.0804027200193
11.7750270414817,-34.0738952222393
11.8151383751851,-34.0679857138376
11.8549959456407,-34.0612057548403
11.8948260008806,-34.0550434044111
11.9341593034229,-34.0485155877998
11.9736381420617,-34.0423062584409
12.0130059820588,-34.0360783082599
12.0521442068964,-34.0292700258286
12.0914300864233,-34.0228679189212
12.1304629413274,-34.0166564398351
12.1695208974414,-34.0102541071615
12.2084215749299,-34.0055409266499
12.2471107424655,-34.0010250036686
12.2855949241261,-33.9965151539225
12.3240481626503,-33.9916544519245
12.3634128275451,-33.9871840683384
12.4041186137972,-33.982742948268
12.4446191744051,-33.9783124995997
12.4852899042461,-33.9739514617531
12.5255998990513,-33.9691787893051
12.5655869340349,-33.964100147564
12.60541209639,-33.9593579338217
12.6452206900856,-33.9547400396485
12.6851815680214,-33.9499782798089
12.7251577069308,-33.9456670954347
12.7649604948192,-33.9421398716892
12.8048491272006,-33.9382037327139
12.8444227856522,-33.9345596330632
12.884081754888,-33.9310565359726
12.9238318069503,-33.9273751547366
12.9636563154292,-33.9231506175367
13.0032214587953,-33.9190211860806
13.0428441348879,-33.914866190254
13.0831636368839,-33.9111300285672
13.1251836250021,-33.907420628267
13.1672939247084,-33.9038515700723
13.2090645896597,-33.9003713069875
13.2510037512094,-33.8971149553606
13.292941084616,-33.8949709083773
13.3351587614618,-33.8923166519912
13.3771523569204,-33.8893930997889
13.4189953260341,-33.8862056320525
13.4608785560074,-33.8833799319792
13.5027443410948,-33.8812496109961
13.5446051157294,-33.8787070411476
13.5862764222497,-33.8722135221069
13.6281675249467,-33.8696186466477
13.6696741849767,-33.8669246331507
13.7115070712441,-33.8641541755603
13.7531987091952,-33.8610701644463
13.7948411524295,-33.8576834449949
13.8366611572267,-33.8546804385861
13.8782229236202,-33.851487995792
13.9198881646897,-33.8480342324164
13.9614003217142,-33.8445509734771
14.002940716293,-33.8412847957278
14.0442656157558,-33.8379009027565
14.0857342460029,-33.8347004275435
14.1271461100584,-33.8318516275972
14.1686206673683,-33.8292224502675
14.2098962998756,-33.8264089007424
14.2509599666978,-33.8239044162151
14.2919354767803,-33.8212027736776
14.3331924307708,-33.8189358351814
14.374446587555,-33.8170475272381
14.4154066574925,-33.8151726511293
14.4565709509601,-33.8123170184974
14.4974973165659,-33.8091675143568
14.5382496573642,-33.8057826125197
14.5791465490363,-33.8022913189529
14.6201292540301,-33.7990363522865
14.6613523599839,-33.7957960571485
14.7024634798658,-33.7921927894766
14.7437541486662,-33.7887961503343
14.7850361897049,-33.7857192897153
14.8264050683127,-33.78276839076
14.867811577467,-33.779839372378
14.9092614873407,-33.7771595189659
14.9503560852564,-33.7752040852008
14.9915999268377,-33.7729016607339
15.0327738892118,-33.7705929603667
15.073886391803,-33.7685565460082
15.1148379032274,-33.7673335516565
15.1559074104936,-33.765136704283
15.1966829062281,-33.7631377433004
15.2375356916686,-33.7620613863126
15.2786450374964,-33.7595054966027
15.3193670628705,-33.7571934330169
15.3601952493217,-33.7544543052428
15.4009702724657,-33.7515312801766
15.4418316852825,-33.7481906810839
15.4825973843744,-33.745684709322
15.523456318499,-33.7432739956703
15.5644956804586,-33.7405879212601
15.6054198279405,-33.736096714598
15.6463043631469,-33.7322481642214
15.6873945261646,-33.7281961203295
15.7282259281744,-33.7246503299265
15.7689647866986,-33.7229464948935
15.8097736730862,-33.7202297126056
15.8512791042048,-33.719242755826
15.8928512078372,-33.7185142586754
15.9345053059432,-33.715802533985
15.9752742027158,-33.7137516959311
16.0158748176855,-33.7120875840759
16.0566172854707,-33.710936666868
16.0975091532452,-33.7094288409399
16.1384635284309,-33.7080208761742
16.1793816047451,-33.7045135635372
16.2205318090041,-33.7008711736584
16.2615972127533,-33.6977280956085
16.3027786600858,-33.6943869778359
16.344028828086,-33.6910442039575
16.385242583009,-33.6877837971201
16.4266430017972,-33.6844847184765
16.4676988517874,-33.6805101785591
16.5087928150648,-33.6771845354632
16.5500766225293,-33.6736063279864
16.5913152263916,-33.6720914965241
16.6331240690195,-33.6703898477482
16.6748291173021,-33.668615657767
16.7163273230869,-33.6667977217241
16.7576498816693,-33.6637288978549
16.7989911785826,-33.6613359182672
16.8401983916418,-33.6592028160713
16.8815627315969,-33.6574860743023
16.923266273854,-33.6555304738841
16.964815218819,-33.6537076912979
17.0065892529201,-33.6521886491393
17.0482572941399,-33.6503445584534
17.0903509878712,-33.6438373571805
17.1325426683976,-33.6384703698077
17.1746262747249,-33.6363729311513
17.2169064176413,-33.6343597683773
17.2594422020798,-33.6313252018511
17.3019299602662,-33.6293742240841
17.3445127318577,-33.6273760260623
17.3874343247904,-33.6249684325809
17.4302973411122,-33.6226159296353
17.4733641193342,-33.6200608787566
17.516342838083,-33.6176923219676
17.5594808037835,-33.6154305378013
17.6027492345946,-33.6128595443525
17.6459188119342,-33.6103879368765
17.6891136025334,-33.608029672965
17.7323532130957,-33.6057243727918
17.7753839370812,-33.6027447549818
17.8184750654189,-33.6002155027918
17.8618420953973,-33.5978371957061
17.9052798704365,-33.5956542367586
17.9487169300389,-33.5935324424882
17.9923289952384,-33.5870834990996
18.0357262101349,-33.5808687643311
18.0795759106097,-33.5744714770767
18.1232962906819,-33.5724910938821
18.1669288993797,-33.5701355346908
18.2106433128867,-33.5678993952972
18.2543989130162,-33.5662108087514
18.2982624510952,-33.5640520975327
18.3421565948482,-33.5612882077987
18.385854406971,-33.5587535555317
18.4297399348216,-33.5571172702388
18.4735986000386,-33.556006963625
18.5168069447913,-33.5552879629017
18.5595047219888,-33.5546350651768
18.6024029160413,-33.5537860080268
18.6453797394829,-33.5533821474854
18.688425648091,-33.5527509548156
18.731613473733,-33.5520475148899
18.7750702345561,-33.551731000896
18.8183155276587,-33.548316550588
18.8615616815806,-33.5441380584039
18.9049186451327,-33.5434303686615
18.9483740541079,-33.5431743397348
18.9921049796674,-33.5390210531053
19.0358723315827,-33.5384907074235
19.0799184686724,-33.5371172184831
19.1244441591722,-33.5364380469723
19.1683086966066,-33.535268133309
19.2124001458089,-33.5341865084486
19.2571905436542,-33.533138544747
19.3020819878016,-33.5320872384811
19.3470721595771,-33.531063478879
19.3919077697948,-33.5308550520577
19.4366555384266,-33.530782188742
19.4806192026407,-33.5302041185253
19.5254183749184,-33.5299302716533
19.5703275219551,-33.5294849057277
19.6151770290165,-33.5288862295652
19.6601587779303,-33.528274435322
19.7051983802267,-33.5276962208734
19.7503562522405,-33.5270184202341
19.7954384159235,-33.5262157965411
19.8406212238743,-33.5256698364572
19.8855474885138,-33.5254382042326
19.9307377306047,-33.5245668536127
19.9758035671328,-33.5237351698693
20.0209324455995,-33.5234713870317
20.066189809546,-33.5232346767393
20.111445770314,-33.5221694395499
20.1570770331195,-33.5213209790377
20.2025356446181,-33.5202595065592
20.2479253803329,-33.5200170347331
20.2932922282785,-33.5192132551956
20.3386740726306,-33.5195979650025
20.3839208303665,-33.5185145416034
20.4291163564312,-33.5179316602224
20.4744499621384,-33.5178317523583
20.5196968890506,-33.5173796373156
20.5651779277827,-33.51711455961
20.6106368124456,-33.5171383661294
20.6560571365859,-33.5172940939747
20.7016883986208,-33.5170566346059
20.7476633991054,-33.5169294894309
20.7936768395976,-33.5163726681446
20.8388256966954,-33.5150413456659
20.8826249224082,-33.5138829487747
20.9262029346871,-33.5127337946031
20.9694853607365,-33.5115760317448
21.0128645990312,-33.5107403579842
21.0562328664277,-33.5095979716507
21.0995142799479,-33.5086418645802
21.1427788865643,-33.5075095247071
21.18593982483,-33.5069368256886
21.2290642931563,-33.5066648167631
21.2722659853482,-33.5062855454649
21.3153649550636,-33.506379040609
21.3586866742336,-33.5056942830192
21.402064143502,-33.5051625721623
21.4452717219539,-33.5045842330466
21.4884757980319,-33.5044615389107
21.5320186913565,-33.5039990815115
21.5756199065193,-33.5032936908047
21.618272272679,-33.5025589303286
21.6589422420783,-33.5020779330709
21.6995997512134,-33.5011795178505
21.7405385904595,-33.500499270537
21.7814958379802,-33.4995727595232
21.8223373646004,-33.4977994646327
21.8630490181708,-33.4966743661207
21.903885007375,-33.4956957981696
21.9447922813863,-33.4941808441185
21.9860538867292,-33.4923560533149
22.0274068486872,-33.4908645066948
22.0689015638017,-33.4893292538559
22.110513073529,-33.4875603832478
22.1526568476649,-33.4862052327618
22.1947596533526,-33.4856610264635
22.2367660502194,-33.4844267845054
22.2790197180944,-33.4840368844351
22.3213200697218,-33.484447115558
22.3635855832104,-33.4844503604866
22.4061440964306,-33.4842071231859
22.4486472985297,-33.4837505632475
22.4913664753583,-33.4826614124292
22.5342886028694,-33.481893596512
22.5775494237336,-33.4810413886272
22.6207527377123,-33.4798638513234
22.6640495476552,-33.4786523764654
22.7075160274869,-33.4780340777806
22.7509513072508,-33.4773564294461
22.7946346205546,-33.4767022998974
22.8386515398096,-33.4765059653596
22.8825471295595,-33.4766180878572
22.9264692270655,-33.4756538753906
22.9704099259451,-33.4751805718203
23.0141324972301,-33.4756673306805
23.0583270708614,-33.4761923368032
23.1025311336994,-33.4770304756799
23.1469389278752,-33.4772544051003
23.1914499368037,-33.4778576827749
23.236045762083,-33.4779606682418
23.2806017576962,-33.4785141477964
23.3252045130979,-33.4789454566224
23.3700611358183,-33.4789072950136
23.4151224013762,-33.47865389675
23.4602335261659,-33.478704708493
23.505695749297,-33.4796640748644
23.5511438849116,-33.4799594375214
23.5964229461461,-33.4797495632477
23.6419676006651,-33.4803091697711
23.6877370331305,-33.4808180666309
23.7337406569846,-33.4804699744244
23.7798914295491,-33.4813206049667
23.8261102747055,-33.4822926494486
23.8724380669067,-33.4821824830335
23.9187793977906,-33.4832911241881
23.965624967601,-33.4843958070166
24.012594480715,-33.485322582599
24.0595193064498,-33.4871119353489
24.1067799790704,-33.4895170579589
24.153930099271,-33.4913086497218
24.2011485320829,-33.492693142396
24.2484329008188,-33.4937874600421
24.2959654210509,-33.4951094018107
24.3437550392853,-33.496147175771
24.3916675217369,-33.4973330028699
24.4396894876034,-33.498377716594
24.4878381978011,-33.497869206333
24.5359241246376,-33.4991225442579
24.5838848337445,-33.4991798709551
24.6318933117956,-33.4987994781946
24.6802328680632,-33.500435578152
24.7287653662184,-33.5014679514314
24.7775939172303,-33.502408010778
24.8265573470313,-33.5029258400267
24.8758887410028,-33.5038220117029
24.9251088700495,-33.5035975957135
24.9748264266363,-33.5048386753851
25.0244970466355,-33.5061757107495
25.0742370456462,-33.5079555329777
25.1240035442556,-33.5092969002268
25.1737457670857,-33.511079096491
25.2237196969903,-33.5130168409041
25.2737152701354,-33.5147863916117
25.3240864472065,-33.5174659944352
25.3741702583505,-33.5199795509894
25.4241380356835,-33.5227583972558
25.4742104219031,-33.5227758917366
25.5236990752773,-33.5229273159258
25.5734473420522,-33.5226830317229
25.6236922557823,-33.5220815683908
25.6744029840458,-33.5232537462349
25.7254303584079,-33.5235558980615
25.7767519722363,-33.524109751164
25.828096553245,-33.5238541669024
25.8793353747952,-33.5238915264656
25.930975850485,-33.5231614383761
25.9826136128906,-33.5224268049675
26.0344259580263,-33.5228619325231
26.0859058754538,-33.5245095573104
26.1372659854049,-33.5250766421254
26.1887791529213,-33.5258722358477
26.2400422736523,-33.5268606411314
26.291474597946,-33.5289424968391
26.3429035052901,-33.5301497518819
26.3945500925153,-33.531389142158
26.446014065201,-33.5325250834291
26.4978719201408,-33.5331135378239
26.5497545131683,-33.5338612235788
26.6019173449847,-33.5343141129222
26.6541707152379,-33.5343076681752
26.7066249263467,-33.5347124161541
26.759555970185,-33.5346600895826
26.8123992482342,-33.5351803909858
26.8651484294955,-33.5358679011023
26.9182268704164,-33.5367474924466
26.9715240032304,-33.5378480694165
27.024865178791,-33.5392969632287
27.0782632322,-33.540602729969
27.13167886311,-33.5419217900726
27.1850822138409,-33.5436958477646
27.2387064357916,-33.5453751412708
27.2923207725232,-33.5470884918432
27.3457827703476,-33.5485111740404
27.3995309671621,-33.5487942442663
27.4534535805115,-33.5485915507115
27.5075504373584,-33.5477715849098
27.561629422443,-33.547881178062
27.6157620300108,-33.5481343741677
27.6702372806751,-33.5480719842639
27.7248573947733,-33.5480055270351
27.7796833652759,-33.5475152947043
27.8355780285519,-33.5468472500198
27.8917803651942,-33.547221145221
27.9480567440556,-33.5468363544134
28.0043341742004,-33.5466454300138
28.0605707874184,-33.546012538692
28.1169017129234,-33.5456422579713
28.1731977698406,-33.5453709791582
28.2297143973868,-33.5443234238942
28.2861497576552,-33.5431803314926
28.3428150142992,-33.5422020809737
28.3995193448107,-33.5413319207263
28.4562158753207,-33.5427218791523
28.5129008769782,-33.5438003682475
28.5692037868949,-33.5439510113274
28.6257295623201,-33.5435610282567
28.682515724787,-33.5435664707652
28.7393863394431,-33.5436567598223
28.7955233917658,-33.5448353802335
28.8517467773866,-33.5460498230712
28.9077780504107,-33.5457903049979
28.9640597051399,-33.5470551304414
29.0207209297916,-33.5461415867249
29.0780408015537,-33.5454800535239
29.1344790818273,-33.54420824158
29.1911578364626,-33.5442419391229
29.2481670083169,-33.5435389441922
29.305128472444,-33.5430783270542
29.3621038945879,-33.5429220182518
29.4192689174112,-33.5425876279388
29.4767471664586,-33.5422664448757
29.5340680814903,-33.5417569555256
29.5919070901658,-33.5416432998861
29.6497052761775,-33.5416226664422
29.7075714723324,-33.5417689415913
29.7658192597382,-33.5413815509217
29.824060720959,-33.5399831635779
29.882381908808,-33.5397897129638
29.9408196231701,-33.5394097302011
29.9994077665459,-33.5388777470196
30.0579894250556,-33.5381888346488
30.1166816881964,-33.5371350574663
30.1755064122039,-33.5354732613155
30.2344777447416,-33.5347727176547
30.2935357005271,-33.5338345615075
30.3528513209647,-33.5331947168633
30.4123413029635,-33.5329981780797
30.4717840455418,-33.5325650451905
30.5314344588951,-33.5318752810996
30.5912833398463,-33.5310841504639
30.6510514309654,-33.5306102377797
30.7107396526159,-33.5301542657066
30.7704218743619,-33.5305376541781
30.8312620124974,-33.5313326951364
30.8919365794588,-33.5314435176164
30.9531044232036,-33.5312329821045
31.0144707426459,-33.5308250863768
31.0761246532349,-33.5303528387244
31.1376840971032,-33.5302494297574
31.1994334157978,-33.5297321585894
31.2612579748749,-33.5292202107802
31.3232124576519,-33.5283465000484
31.3851147354508,-33.5268025544552
31.4470757333311,-33.525179874396
31.5092505530042,-33.5233150902155
31.5710033007165,-33.5223719117583
31.6329589368017,-33.5213396972292
31.6943636957549,-33.5206955258909
31.7563247172074,-33.5195689686171
31.8181417168521,-33.5187417584052
31.8798945585191,-33.5180171092467
31.9417817819685,-33.5173681654354
32.0037652403599,-33.516398124356
32.0657886863577,-33.5162675558861
32.12795425854,-33.5156308395231
32.1902021720598,-33.5148052958728
32.2523336778308,-33.5136817150771
32.3144929045637,-33.5122737345549
32.3769727577677,-33.5108002042531
32.4396816957893,-33.5103686962661
32.502138316729,-33.5098021121021
32.5647311018057,-33.5081931059575
32.6275155192431,-33.5073111354898
32.6902098406625,-33.5067769049005
32.7524648875455,-33.5060486667396
32.8150869589966,-33.5047865833226
32.8776579936565,-33.5039400679641
32.940012182075,-33.5024613256973
33.0021339912411,-33.5004085492332
33.0643708477899,-33.4986552847722
33.1265227274172,-33.4970545352446
33.1889090109838,-33.4956557332651
33.2513555310112,-33.495056233393
33.3137523296749,-33.4943192302595
33.3761288167568,-33.4933104176339
33.4385641586227,-33.4923570396067
33.5010657245673,-33.4913829484747
33.5634423611097,-33.4894646300121
33.6260477622729,-33.4874254232727
33.6886701881461,-33.4852112941394
33.7509193902069,-33.4827635768455
33.8134944591806,-33.4797489238696
33.8759721691018,-33.4771578655271
33.9386220375325,-33.4740407498046
34.001379709344,-33.4709630153448
34.063956748809,-33.4676739703223
34.1267068732525,-33.4643289862551
34.18914126714,-33.4618762320686
34.2515346541125,-33.4588073518938
34.3140411991372,-33.4563349845521
34.376484297535,-33.4538345075761
34.4391020315439,-33.451520593438
34.5017081853614,-33.449353363809
34.5641936719156,-33.4474154409169
34.6269368142105,-33.4451864946202
34.6893397951591,-33.4418728261133
34.752059660022,-33.438718310711
34.8147279694445,-33.436231329054
34.8774033264555,-33.4328975793793
34.9399683062282,-33.4297345719648
35.0025329087764,-33.4268034291839
35.0649133578362,-33.4232207050337
35.1273838649143,-33.4195380194527
35.1897129282346,-33.4157099999023
35.2518932049094,-33.4120626362366
35.3140680987376,-33.4083520300412
35.376055581918,-33.4049612291583
35.4381531722067,-33.4007642518722
35.5000160301396,-33.3961647885323
35.5618379887738,-33.3916988240819
35.6236435195796,-33.3875104316519
35.6854358990078,-33.3833885218071
35.7470136877601,-33.3791235256668
35.8085306288777,-33.3751455307065
35.869787436784,-33.3712272584855
35.9313086008758,-33.3677066369022
35.9927129960122,-33.3640884291986
36.0541257390452,-33.3599407933452
36.1158283643616,-33.3558655007381
36.1775302390953,-33.3519220249549
36.2392476120989,-33.348025160322
36.3006561202851,-33.3438413994683
36.3621073943937,-33.3396758116473
36.4234344451451,-33.3353310399318
36.4844115690047,-33.3303511378556
36.5453619517903,-33.3266487108479
36.6060229195948,-33.3225340618545
36.6667097195189,-33.3182336647848
36.727533993489,-33.3136403464513
36.7881941591594,-33.3097925466227
36.8489148975615,-33.3057011506272
36.9096579748316,-33.3016740687598
36.97044412454,-33.2973460332712
37.0310760738819,-33.2926293371358
37.0921693156992,-33.2873344786044
37.1533254365113,-33.2819128866343
37.2144684151646,-33.2771599925361
37.2754623155812,-33.2722757046875
37.336187767071,-33.2674093848394
37.3967831732712,-33.2627564760347
37.457141182017,-33.2576916105391
37.5174262781551,-33.2525477294035
37.5773248737203,-33.2472407763241
37.6371354108744,-33.2422193399303
37.696998126611,-33.237480396641
37.7565684985173,-33.2334019391507
37.8163670371883,-33.2290892073893
37.8762030987908,-33.2241904037631
37.9360771162431,-33.2190141198605
37.9960402503824,-33.2134919565836
38.0558628421121,-33.2078301694649
38.1159544264032,-33.2021688947974
38.1758529168011,-33.1968699389323
38.2357923845262,-33.1910954426834
38.2955813150208,-33.1852683503204
38.355079201112,-33.1793976270218
38.4146400470784,-33.1744414758392
38.4740671431593,-33.1691098576313
38.5335759728696,-33.1641133425373
38.5929436547299,-33.1596072872991
38.6534999055093,-33.1551000767053
38.7139278782419,-33.1505397905237
38.7745130490651,-33.1454169974737
38.8353320920336,-33.1399527975647
38.8961138101021,-33.134765141678
38.9569558380117,-33.1292167186977
39.0178444169369,-33.1231534513897
39.0785709194442,-33.1172946954067
39.1396791200002,-33.1115528306373
39.200577502668,-33.1054578577277
39.2613856170527,-33.0996384809575
39.3222475942808,-33.0939039207082
39.3833204056716,-33.0883705407573
39.4442228865877,-33.084156875143
39.5049577831623,-33.0802873045223
39.5655324340302,-33.0768747463634
39.6262013093947,-33.0727421767667
39.6866233062503,-33.0687961787665
39.7471162076967,-33.0649112851153
39.807403938569,-33.0612626849764
39.8675764084337,-33.0575241179593
39.9276764544909,-33.05361863053
39.9878599566458,-33.0482777709321
40.0484993850665,-33.0442360921232
40.1092341106607,-33.0397512767733
40.1701055575598,-33.0361014914445
40.2308815500569,-33.0324234060182
40.2917364240213,-33.0286990928389
40.3525266767238,-33.0252397404904
40.4135537749618,-33.0225256432512
40.4744868853182,-33.0194300233771
40.5354924408889,-33.0159190705007
40.5965126166583,-33.0109105147598
40.6572292702628,-33.0057745143923
40.7185236794099,-33.0025195298907
40.7788530971152,-32.9992856133596
40.8390326490146,-32.995652375841
40.8989969289647,-32.9917637554308
40.9590828611735,-32.9867495092752
41.0192615674392,-32.9819622991206
41.0796510513504,-32.9787131389963
41.1405691725504,-32.9738144200989
41.201575361243,-32.9703668512302
41.2627677654886,-32.9673188103858
41.3240389540304,-32.9650021504643
41.3851191443248,-32.9619211826454
41.4461698929642,-32.9592299504076
41.5073068794921,-32.9560533794097
41.5683835554959,-32.952711325283
41.6292014151983,-32.9502398745731
41.6899254303364,-32.9477811289474
41.750844170954,-32.9450745617901
41.8114797161236,-32.9418036767309
41.8716196540384,-32.9388940853203
41.9317140966365,-32.935803857599
41.9918008350198,-32.9335533586631
42.0532542428841,-32.9321254636754
42.1144802088049,-32.9294953936041
42.1756043383487,-32.927131584483
42.2369620540305,-32.9246530175392
42.2985616437736,-32.9224207793992
42.3598063734998,-32.9207823700954
42.420282758865,-32.919014707261
42.4803731742903,-32.9167994235945
42.5401605084715,-32.9150055495465
42.5996082767489,-32.9128672791949
42.6591829300557,-32.910437485993
42.7185083113483,-32.9083791758247
42.7776859792766,-32.9069179983012
42.8368847108438,-32.9048121253228
42.8958912440171,-32.9028926665735
42.9549345054786,-32.900203450193
43.0140378482883,-32.8976504283314
43.0733137517156,-32.8953176403387
43.1334894316897,-32.8940239096439
43.1933091608672,-32.8927824555261
43.2530063361507,-32.8914677952903
43.3126439676158,-32.8899732186038
43.3721873531257,-32.8888958902787
43.4317437793601,-32.8880131333697
43.4896100873849,-32.8877502654314
43.5470026607854,-32.8874454509002
43.6050289660523,-32.8866308097495
43.6631559978052,-32.8859682787901
43.7209702915101,-32.8851861101345
43.7790666522761,-32.8842557646103
43.8370671497302,-32.8834140529494
43.8955790267417,-32.8826938623404
43.95390335687,-32.8817459547075
44.0122821282688,-32.8807402313736
44.0699087502244,-32.879930454106
44.1274430892658,-32.8792617299814
44.1859470533816,-32.8792320015019
44.2443503927136,-32.8785264811792
44.302532995388,-32.8782204995981
44.3606923285892,-32.8781199484805
44.418999262216,-32.8781805617633
44.4772101010983,-32.8784973347038
44.5352486600105,-32.878761564646
44.5930976316919,-32.8791781277309
44.6511747287329,-32.8796774728827
44.7093208821067,-32.8803580696378
44.767244172885,-32.8808583665254
44.826187822948,-32.8813569071062
44.8839360183568,-32.881819033052
44.9415759096905,-32.8822024690786
44.9991765636868,-32.8833507847798
45.056750257603,-32.8848150114269
45.1146771778399,-32.8860236585282
45.1724746558753,-32.8871093355379
45.2304734653132,-32.8878403281459
45.2885228459638,-32.8881866827666
45.3474289670135,-32.8886687745498
45.4063829171692,-32.8890277361444
45.4652720539282,-32.8901060320586
45.5242239508399,-32.8910410345408
45.5830989425887,-32.891974033331
45.642124393253,-32.8931566401922
45.7010604167192,-32.894677929787
45.7588881843538,-32.8963501647208
45.8168828262252,-32.89817358107
45.8748059319636,-32.899724185663
45.9328245787014,-32.9014022596078
45.9917785442862,-32.9031926609957
46.0505386059175,-32.9052069343074
46.1095265259619,-32.9070482875264
46.1682395401999,-32.9091225229909
46.2271743225628,-32.9110731247824
46.286082205871,-32.9132838770316
46.3447283567373,-32.9158380573871
46.4035118059118,-32.9180567228448
46.4621233373197,-32.9204753888605
46.520857811955,-32.9227928666301
46.5795702709403,-32.9250703328105
46.6383220081606,-32.9274099247797
46.6971002329587,-32.9296983207716
46.7557908997432,-32.9318815512232
46.8145110748647,-32.9342585589972
46.8732531920169,-32.9363263618982
46.9320523817863,-32.9383267595599
46.9909385162949,-32.9404181750992
47.0499215174019,-32.9426133231692
47.1087556445669,-32.9450267481631
47.1675772747746,-32.9476566736127
47.2264076153565,-32.9502900647877
47.2850892599853,-32.953307855633
47.3437297354699,-32.9565565710064
47.4024451836564,-32.9601356253616
47.461302137402,-32.9639136758213
47.5202623353978,-32.9678252137314
47.5793218001101,-32.9718679392193
47.6384104183557,-32.9762235094931
47.6976177996396,-32.9813860208471
47.7568927139568,-32.9862232072467
47.816095224395,-32.9912097450663
47.8752139276368,-32.9960333579688
47.9344252888012,-33.0013482383999
47.9936878869802,-33.0067895168176
48.0529644940087,-33.0126111065953
48.112277902427,-33.018584047644
48.1714897964062,-33.0245302398318
48.231057857456,-33.0309058875438
48.2906686095236,-33.0366680733742
48.3503784113923,-33.0426516186069
48.4101954573725,-33.0489945743703
48.4700517950829,-33.0554164248949
48.5298434886649,-33.0620614399894
48.5895704805531,-33.0682457176653
48.6492668241013,-33.0749267477413
48.709234346241,-33.0804017390235
48.7691631954864,-33.0858370188042
48.8291417647827,-33.0907307082711
48.889031876825,-33.0958718213022
48.9490729908909,-33.1011646764016
49.008894304203,-33.1069244994243
49.0686722496483,-33.1128041935591
49.1287634346078,-33.1184221500682
49.188865500414,-33.1226527609298
49.2492118569039,-33.1270253397086
49.3096595060878,-33.1313471159426
49.3702461697055,-33.1369718137502
49.430983257629,-33.1419359497137
49.4920577501689,-33.1471173554862
49.5530057201877,-33.1533323815806
49.6137827310786,-33.1593252349036
49.6745852511032,-33.1654650898632
49.7349254774676,-33.1718886032097
49.7954163622454,-33.1776277208553
49.8560587887371,-33.1832567784544
49.9166898146695,-33.1881994229071
49.977587240932,-33.1942936761757
50.0385732307979,-33.2005523188486
50.0996647159312,-33.2051580448482
50.1608099929628,-33.2101052056896
50.2220171742224,-33.2163612991637
50.2836721690333,-33.2227556307421
50.3447354273612,-33.2282645390428
50.406112259571,-33.2339695425915
50.4673752596541,-33.2402710404836
50.5288625955185,-33.2466020051778
50.5886560281183,-33.2523506614776
50.648065118007,-33.2623356215655
50.7075563836104,-33.2714953974499
50.7671241770952,-33.2769974689141
50.826608446637,-33.2834254918469
50.8860138426923,-33.2936820991718
50.9456007101787,-33.3036412861133
51.0052742035501,-33.31330860676
51.0648407368014,-33.3233584498284
51.124738443656,-33.3325367408472
51.1847341893889,-33.3382536382601
51.2449062030041,-33.3441941962561
51.305206891626,-33.3500183786675
51.3656771464445,-33.3559316258137
51.4264142858947,-33.3660830031409
51.4871133197115,-33.3766693402656
51.5477963224944,-33.3859695265316
51.6086594882167,-33.3920248649415
51.6695647817877,-33.4023951734673
51.7306928496658,-33.4133407872675
51.7920118721071,-33.4234833824659
51.8534892372791,-33.4302040439236
51.9165493623287,-33.4370118416805
51.9786340723738,-33.4432670725581
52.0407986563147,-33.4543209533211
52.1027190611289,-33.4608472708989
52.1649670531618,-33.4714020264397
52.2271872931164,-33.4791447450036
52.2893090795317,-33.4861215182044
52.3514207591892,-33.4927275306781
52.4133456287326,-33.4997572712885
52.475327084108,-33.5071769622674
52.5372771845306,-33.5140896061863
52.5996117028717,-33.5220951450923
52.6619944597696,-33.529182260427
52.725550678471,-33.5362243381181
52.7897099505512,-33.544427102852
52.8540667416232,-33.5517705972037
52.9185813367299,-33.5596773010473
52.9831620498358,-33.5677799526436
53.0480544898491,-33.5758872070396
53.1121488873668,-33.5838459474792
53.1764778076291,-33.5916638300319
53.2408314853935,-33.5994208287457
53.3054390962639,-33.6069309467823
53.3699086043504,-33.6148855667978
53.4344911181008,-33.6234971038085
53.4991846979622,-33.6323161613697
53.5641856535874,-33.6414185176355
53.6289656805046,-33.6502034699798
53.6956982985998,-33.6592701763839
53.7624348437224,-33.6678743973474
53.8294943919608,-33.6774085538753
53.8971508401285,-33.6870913425024
53.964163762349,-33.6971374268894
54.0313942178634,-33.7067294892993
54.0971902965285,-33.7163273874422
54.165019381561,-33.7263376299938
54.2329073466345,-33.7366096501526
54.3005944769728,-33.7469003060726
54.3686108154056,-33.7570025819754
54.436947124985,-33.7667403998553
54.5053617187779,-33.7767521305335
54.5749239799708,-33.7871018556915
54.644035441416,-33.7973680755262
54.7135715537831,-33.8073272113874
54.7833664303631,-33.8173545303084
54.8536830591589,-33.8265998659334
54.9243800407781,-33.8347139420794
54.9947128427916,-33.8432282936823
55.0652714197885,-33.8518684497605
55.1359664200021,-33.8609622295967
55.2067849634112,-33.8694189806627
55.2764728292847,-33.8772871555099
55.3457466607394,-33.8845926441404
55.4164715177939,-33.8922805144275
55.4874567937315,-33.9001676371591
55.5574458144799,-33.9083914353605
55.62779882439,-33.9167650758252
55.6983066497446,-33.9255176369337
55.7717879631743,-33.9337305170409
55.8458958104128,-33.942159727396
55.919156292383,-33.9517533626333
55.9923574561396,-33.9615257313185
56.0658139823594,-33.9715596189051
56.1403349335996,-33.9821041069223
56.2151082715719,-33.9925380021723
56.2900152860631,-34.0021454155122
56.3650086501227,-34.0122845552105
56.4402326345844,-34.0223477566702
56.5163866963245,-34.0323982190719
56.5928894818921,-34.0434233182068
56.6687424013724,-34.0540546672502
56.7447873547661,-34.0653899799661
56.8212659705758,-34.0766416969542
56.8977831996742,-34.0879049979625
56.9745746784542,-34.0969108905441
57.0515333129113,-34.1057482070069
57.1289598989335,-34.1147892112101
57.2066347090036,-34.1234624172116
57.2843432457169,-34.132451600707
57.3622044594261,-34.1417821089775
57.4403369224593,-34.1515038321869
57.5174765937679,-34.1614762600776
57.5961495918391,-34.1714824648093
57.6751728972323,-34.1820959473672
57.7544994035052,-34.1921518063953
57.8341790280957,-34.2020412707175
57.9139210271128,-34.2122482679601
57.9939611108453,-34.2226369404073
58.0740814734811,-34.2335925495536
58.1542046837545,-34.2451433297075
58.2334275833524,-34.2563132953221
58.3125680807325,-34.2675140261611
58.3917094255986,-34.2780415278733
58.4711651487712,-34.2888543055836
58.5508966570064,-34.2997672406852
58.6309390784305,-34.3109096397602
58.7111393172419,-34.3218094374041
58.7926569393208,-34.3326262550154
58.8742803796714,-34.3435841588819
58.955980486302,-34.354758494568
59.0377260217646,-34.3661477467389
59.1187109284954,-34.3773593955971
59.2000027379104,-34.3885505733558
59.2813974259508,-34.4003910753441
59.3631050066704,-34.411967440973
59.4450607976297,-34.4236645466314
59.5272672188589,-34.4353352654774
59.6099787203922,-34.4469785485874
59.6927886492324,-34.4591458744238
59.7756543877242,-34.4716090349081
59.8588076181521,-34.484166984681
59.942277086838,-34.4971737998165
60.025858218744,-34.5102013197219
60.1097336272621,-34.5235403688145
60.1936079763406,-34.536883096989
60.2776466424082,-34.5502336444746
60.3616323384302,-34.5642076066894
60.4456979456493,-34.5781099108839
60.5297121435764,-34.5934865683027
60.6139789663049,-34.6081616311051
60.6985922127358,-34.6228344922611
60.7835281921033,-34.6376168668251
60.8700309819986,-34.6526834520883
60.9570701760241,-34.6677040025495
61.0455473470638,-34.682815214776
61.1343837495591,-34.6980765468537
61.2233216674162,-34.7133239576823
61.3125318546718,-34.7283920044314
61.4018645369437,-34.7438605118345
61.4913621858069,-34.7602286297399
61.5812832034804,-34.7765335561241
61.6715811444946,-34.791800467763
61.7623716467378,-34.8077612330318
61.8535869470067,-34.824119541785
61.9452162598296,-34.8393681418291
62.0370446120101,-34.8561485401773
62.1290888700794,-34.8718266239908
62.2211301225213,-34.8881795112081
62.3126673139058,-34.903476095626
62.4036498149807,-34.9197422890548
62.4917106779391,-34.9358193797666
62.579845895993,-34.9517821690084
62.6686055543399,-34.9676387037876
62.7573126693796,-34.9841320822163
62.8461724023877,-35.0008920500775
62.9352702849442,-35.0174523248936
63.0246759660675,-35.033544858779
63.1140953283036,-35.0516848046119
63.2031731410924,-35.0670313875384
63.2925173753367,-35.0848265284171
63.3822867553191,-35.1009397993559
63.4722084677178,-35.1169005258075
63.5622964747033,-35.1328481997707
63.652699597721,-35.1494413645055
63.7435071301596,-35.1652195192744
63.8344888092484,-35.1831289826737
63.92545318152,-35.2012177720242
64.0166475276913,-35.2193530823666
64.1081987371997,-35.2357580365637
64.1998164763954,-35.25307178321
64.2916562983882,-35.2704572119051
64.3838319745686,-35.2870336662588
64.4759267252766,-35.3034411459727
64.5683913611015,-35.3200825550132
64.6606172745511,-35.3365400188074
64.7528541568697,-35.3536901720492
64.8449968555403,-35.3718369307715
64.9371481559678,-35.3901506673586
65.0287539296783,-35.408486919913
65.1197662192399,-35.4261573666747
65.2104873016809,-35.4449890889195
65.3012950054868,-35.4642188798056
65.3920549184135,-35.4825558867086
65.4827936753674,-35.5011285901666
65.5738682732294,-35.5203186959468
65.6654426317489,-35.5398632737796
65.7578026224309,-35.5592169151019
65.8532594081948,-35.5784114428403
65.9491868963913,-35.5980564484147
66.0454978180478,-35.6141951517357
66.1416217800362,-35.6311126697859
66.2377504704591,-35.6518098018785
66.3341407851971,-35.6718820785034
66.4311878855276,-35.6885069780066
66.5272662648652,-35.7051836558149
66.6241863476804,-35.7220051940342
66.7199096186994,-35.7381429609986
66.8156281278453,-35.7551480583214
66.9109736474064,-35.7761227334761
67.0062217741817,-35.7971333550625
67.1019088089345,-35.8182417214143
67.197593500077,-35.8391839422789
67.2927782564413,-35.8562312599637
67.3883110178901,-35.8732343803307
67.4841844742793,-35.8912040555586
67.5801964248605,-35.9131251706762
67.6760573031782,-35.931369429076
67.7716896826545,-35.9486544879956
67.8672082306938,-35.9670783069487
67.9627713813934,-35.9889130304652
68.0566937639602,-36.0111023395964
68.1509218157365,-36.0331840886386
68.2452024636895,-36.0510743983466
68.3396264887888,-36.0730407702948
68.4338588341793,-36.0911383899504
68.5282837351703,-36.112028184584
68.6231671338249,-36.1335626641552
68.7181229771203,-36.1555396288806
68.8134708505297,-36.177568124678
68.9079219853515,-36.1994588621604
69.0024875556009,-36.2212763690827
69.0970611623117,-36.2425158598811
69.1914649823219,-36.2642566505063
69.2859241809061,-36.2866563151927
69.3799008162005,-36.3081499585659
69.4738369286515,-36.3306413631853
69.5679607310281,-36.3529111687346
69.6620215642861,-36.3749986858848
69.7560789373853,-36.3971538963603
69.8504759067192,-36.4196597787555
69.9448415618438,-36.4424651062205
70.0395612499644,-36.4650232793005
70.1342655067311,-36.4868765964813
70.2291996928322,-36.5086291072938
70.3240428962519,-36.5300266370904
70.4190285302219,-36.5514380544287
70.5137668176846,-36.5732837799323
70.6091630689929,-36.5937167158615
70.7019350374305,-36.6147764412769
70.7946517621463,-36.6365711639141
70.8873794344652,-36.6578073258797
70.9801215140108,-36.6789454090359
71.0739071761505,-36.7008283181688
71.1675768715909,-36.722148301684
71.2614015872498,-36.7440535939445
71.3538108810213,-36.7655358677824
71.4462748982843,-36.7869452696821
71.5394092119524,-36.8082883679207
71.6325105926819,-36.8294413297933
71.7256767327809,-36.8522125028727
71.819454844948,-36.8728505692118
71.9125154152001,-36.8935167294474
72.0066717177063,-36.9140689766398
72.1005328380133,-36.9346469300569
72.1938382235434,-36.9552927119615
72.2877037303026,-36.9787809277697
72.3814141347402,-37.0042038842316
72.4745046056073,-37.0297057300401
72.5676985173735,-37.0547813326697
72.6615182947507,-37.0797748620784
72.7552434771751,-37.1052535998529
72.8500355025387,-37.1312146884381
72.9444576128369,-37.1575089615171
73.0374074066173,-37.1841842139932
73.1299184279508,-37.210588370466
73.2234372894887,-37.2377288685627
73.3165140408287,-37.2644416525422
73.4082854996387,-37.2909424472575
73.4983643470698,-37.3174678700663
73.5890152414612,-37.3435117146171
73.6805009928556,-37.3694055382911
73.7714581235324,-37.3949180694023
73.8570502213959,-37.4205489997571
73.9413782309619,-37.4456878052992
74.0254226239838,-37.470666619078
74.1093302236663,-37.4945335470221
74.1931476432345,-37.5183880912058
74.276769953285,-37.5433032170976
74.3602428166279,-37.5697350268278
74.443964415008,-37.5948983626249
74.5276456107093,-37.6196924428275
74.6113684901326,-37.6445741485043
74.6947818627742,-37.6693775142086
74.7782253222625,-37.6940198598151
74.8617821527949,-37.7208244732667
74.9453738285893,-37.7472903632124
75.028756294103,-37.7739775651533
75.1119879144401,-37.8010579375049
75.1951341356719,-37.8279021524772
75.2781663336966,-37.8544808284557
75.3612427633461,-37.8808452779963
75.4437857487333,-37.9067650119531
75.5262350209678,-37.9327821138351
75.6086881533791,-37.9581244561334
75.6911731101689,-37.9836178946296
75.7739099695973,-38.009397611688
75.8569361348742,-38.0362749374498
75.940176866512,-38.0627051336326
76.0238754616697,-38.0918312431031
76.1079585368377,-38.1212701585116
76.1924613136407,-38.1503806048272
76.2771590005043,-38.1795940363563
76.3602525006736,-38.2087020169444
76.4429166087646,-38.2383437973841
76.525637268823,-38.2679909709062
76.6079788434262,-38.2974930354887
76.6904767548439,-38.3271168426408
76.7729650119816,-38.3565404824499
76.8553060852953,-38.3861652537486
76.9376704555022,-38.4157761459741
77.0200965566193,-38.4450354851191
77.1022537558937,-38.4750157335935
77.1842975513852,-38.5050404800231
77.2663790417486,-38.5346996897711
77.3485033041463,-38.564354303364
77.4305416227248,-38.5939543711548
77.5126070768635,-38.6229175283681
77.5941660591245,-38.6516425893573
77.6753892436959,-38.6794967387717
77.7563454654767,-38.706665521342
77.8372801907482,-38.734226816913
77.9178034575164,-38.7616576073911
77.9978990434687,-38.7898604567073
78.0787909199715,-38.8179614123351
78.1598472991954,-38.8455648335971
78.2396217310579,-38.87307123449
78.3193288468081,-38.9007421010116
78.3999785863886,-38.9282263648261
78.4810411790986,-38.95350541963
78.5619750548116,-38.9799668273847
78.6429697168012,-39.005590449742
78.7249539840331,-39.0316406123554
78.8061531698133,-39.056908224227
78.8870366055849,-39.0828875657634
78.9667936032179,-39.1084978345939
79.0463689134643,-39.1348476444458
79.1272918995009,-39.160909306218
79.2084483329365,-39.1867426646529
79.2899106379012,-39.2123016638656
79.3713295609008,-39.2365140783916
79.4526964575352,-39.2603444100221
79.5336472161793,-39.2850701442975
79.6140894132456,-39.3086015814529
79.6940443956531,-39.3317351057214
79.7741207964972,-39.3557769976987
79.854575943711,-39.377617644617
79.9348440048796,-39.4000848414015
80.0148641342126,-39.4212955684708
80.0954619992442,-39.4430707886566
80.1765087464312,-39.4641736397828
80.2606450071446,-39.4856569064557
80.3449438920768,-39.5068695228065
80.4287951276978,-39.5281161409316
80.5127552318836,-39.5487950881625
80.596592807837,-39.5691741593082
80.6803553847504,-39.5905644253618
80.764112415841,-39.6131962229283
80.8478672966208,-39.6353305384159
80.9321781928601,-39.6600490657325
81.0161096857959,-39.6829102410226
81.099873689242,-39.7074018619143
81.1832317214903,-39.7317305381427
81.2666310444622,-39.7555136533805
81.3498801826767,-39.776238549664
81.433159667082,-39.7998254971742
81.5159955260702,-39.8222376793495
81.5988035636621,-39.8419577939555
81.6813041896026,-39.8621948607584
81.7634535699602,-39.8820959396712
81.84531543043,-39.9018593185169
81.9268610310554,-39.9213948931898
82.0084795760913,-39.9411895860014
82.0900357646689,-39.9609037219311
82.1713195107531,-39.9823659051619
82.2529853258411,-40.0034855875432
82.3346372411716,-40.0225263789273
82.416071031138,-40.0452106539215
82.4953327083766,-40.0639974198155
82.5765950644402,-40.0807934485191
82.658380487953,-40.0999358497541
82.738683879513,-40.1168022403267
82.820541912694,-40.1331747718196
82.9025164500801,-40.1485692547953
82.9841501304397,-40.1626626996078
83.0654515402058,-40.1765179005112
83.1458825114103,-40.1905893158845
83.2253047336414,-40.2042827093419
83.3013649875093,-40.2176962386628
83.3768769985273,-40.232393867975
83.452580251656,-40.246960773794
83.5284886854912,-40.2607730510024
83.6041032306107,-40.2721406745925
83.6795316359787,-40.283004872188
83.7541875170097,-40.2995784022065
83.8295978543304,-40.3079668439459
83.9027561011494,-40.3199823622426
83.9767863638653,-40.3365476728507
84.0505883120033,-40.3528677722754
84.1260813614334,-40.3645776203808
84.2012708686877,-40.3761286749961
84.2759321433413,-40.3840770812738
84.35061915832,-40.3904900978723
84.4254305157506,-40.3964205490215
84.4998495597551,-40.4017354570794
84.5737987206941,-40.4078474378209
84.6480206409286,-40.4129900705464
84.7224458159381,-40.421662624496
84.7968387039543,-40.4259088372379
84.8711705221765,-40.4333536831071
84.9454237249273,-40.4412199554714
85.0195093658016,-40.4485961468235
85.0932522392871,-40.456218173726
85.1666066509148,-40.4634529289312
85.2397459783858,-40.4697115588675
85.3126375137982,-40.4759326351048
85.3852009738273,-40.4821463864647
85.4571371424057,-40.4888882262959
85.5285932315202,-40.4948058614845
85.5997654388876,-40.5013336162347
85.6715767029065,-40.5073795221236
85.7428418865009,-40.513772643287
85.8137801666443,-40.5198621519684
85.8844518741215,-40.5254709343068
85.9545671807594,-40.5307838167385
86.0243859770265,-40.5360811610076
86.0939464719589,-40.5418917897929
86.1627607443956,-40.5474326016769
86.231197291165,-40.5527978578983
86.2990350434701,-40.5578138050373
86.3661938727735,-40.5626806048643
86.4330285273643,-40.5673975780696
86.4989126519602,-40.5727070803175
86.564309656871,-40.578151727528
86.6293572221726,-40.5838734315313
86.6940051484345,-40.5895842443953
86.7581715331872,-40.5948727404162
86.8218745195021,-40.5997414080561
86.8848729924733,-40.6056441422578
86.9480090363688,-40.6110739187853
87.0107292151154,-40.6162046818847
87.0729543238999,-40.6211392543736
87.1348352453636,-40.626246091271
87.1963219354663,-40.6298378022281
87.2574206759799,-40.6340764936169
87.3179252522311,-40.6375224716079
87.3780551851339,-40.6416925777262
87.4377169976393,-40.6458376868148
87.4964595226922,-40.6498255775246
87.554797594381,-40.6541772895751
87.6126763141149,-40.657177740408
87.6701734823991,-40.6619915161977
87.7272969936475,-40.667147525139
87.7840984299733,-40.6715925943413
87.840487868135,-40.6767474183018
87.8966457770943,-40.6819824895917
87.9515912195397,-40.6852326265399
88.0061209936026,-40.6875892660176
88.0611706018462,-40.6899047963807
88.1161617797828,-40.6919900098201
88.1698816136353,-40.6943175508963
88.2233655535903,-40.6965136717547
88.2764783750407,-40.6987672257646
88.3293734243193,-40.700360803892
88.3819087093858,-40.7014564976227
88.4345601105573,-40.7031933143252
88.4869283025111,-40.7033541101757
88.5392620209665,-40.7035609680528
88.5923045536659,-40.7037692340393
88.6454288120364,-40.7036193943742
88.6974411173807,-40.704166745679
88.7492890523513,-40.7045318640685
88.8012000472292,-40.7051484907526
88.8580579721951,-40.7052686356358
88.9146574922763,-40.7052944549949
88.9712096743767,-40.7053775204972
89.0274506028959,-40.7070155766547
89.0832907415609,-40.708855577054
89.1387602773217,-40.7097114356942
89.1939381736107,-40.7089912721284
89.2483957669967,-40.7086124614745
89.3024287519917,-40.7084077648543
89.356105307817,-40.7082471776215
89.4093605046612,-40.7078935685218
89.4621675450587,-40.7077474200107
89.5144329733945,-40.7079790431468
89.5661019545913,-40.7083516016845
89.617353860387,-40.7083793005951
89.6684171986682,-40.7080213596281
89.7190421614516,-40.707469170466
89.7693544398226,-40.7073373618942
89.8190490581031,-40.707028282278
89.8689075070751,-40.7067362557823
89.9183165628932,-40.7062952511078
89.9672106171919,-40.7061454577543
90.015490884715,-40.7056312613684
90.0631147376082,-40.7049204249145
90.1099715636896,-40.7029684471656
90.1561329332716,-40.701162822621
90.2013670017819,-40.6963703231062
90.2458173141584,-40.6908755471713
90.2894265747815,-40.6857400823346
90.3324847935475,-40.6806471995604
90.3768413945935,-40.6758134562079
90.4209747373251,-40.670360434381
90.4645861110511,-40.6650647243839
90.5078364515815,-40.6596372078709
90.550662272728,-40.6543373025295
90.5930384503136,-40.6489128843681
90.6351643988169,-40.6432009189855
90.6769470631645,-40.6377831030246
90.7184503175419,-40.6325160770613
90.7596184437273,-40.6262970914864
90.8003920246408,-40.6199850318903
90.8407429156494,-40.6138378401615
90.8805894936891,-40.607308259224
90.9200922747709,-40.6009320530561
90.9590257245108,-40.5952143892534
90.9976949395355,-40.5891424316656
91.0363995668389,-40.5837607877918
91.0748178737715,-40.5786942220325
91.1127963973638,-40.573341651105
91.1505239272744,-40.5678688237778
91.1881488291242,-40.5614914428903
91.2246361726444,-40.5546153624041
91.2608583591344,-40.5479000019158
91.2976789600897,-40.5414012866656
91.3341884981246,-40.5345679275737
91.3695755538486,-40.5280395443524
91.4042222897994,-40.5218106433494
91.4384656596539,-40.5155784488076
91.4721231903924,-40.5096761019877
91.5041139101029,-40.5031207608349
91.5351258424202,-40.4967183546165
91.5655893954106,-40.489846870672
91.5956521090238,-40.4833492029731
91.6249984563316,-40.4754468449545
91.6528197271991,-40.4681141244787
91.6797513927254,-40.4607325977859
91.7059296496872,-40.4535189542539
91.7315011679614,-40.446247807557
91.7565435460018,-40.4389259129723
91.7811472613726,-40.4316717999517
91.8057005704271,-40.4243707747741
91.8298590095295,-40.4174940693276
91.8533908664269,-40.4106200045208
91.8758577147937,-40.4045005566135
91.8980857574018,-40.3979725202164
91.9203048370909,-40.3917881169377
91.9419995221096,-40.3857609349225
91.9633675190719,-40.3793227569327
91.9841245698563,-40.3770102378185
92.0041908504072,-40.3712024245935
92.024013855836,-40.3651783697561
92.0432717047532,-40.3590751658735
92.0619227242012,-40.3526385639024
92.0802748933709,-40.3460298122677
92.0982232271348,-40.3417413611398
92.1156954630121,-40.3333954107972
92.1325837645328,-40.328911653516
92.1491023295288,-40.3205063594695
92.1650964628162,-40.3120504019878
92.180805402779,-40.3036404085465
92.1961525262199,-40.2957198018115
92.2108626889307,-40.2899286353005
92.2247994096422,-40.2820768265533
92.2386366703525,-40.2748234665537
92.2522461085326,-40.2702392546689
92.2655134847042,-40.268835785496
92.2783353409496,-40.2642313889009
92.2909291487351,-40.2594047823912
92.3033760785388,-40.2548717266594
92.3151376017864,-40.2537269509725
92.3265789618349,-40.2489187286696
92.3377806957194,-40.2458159072255
92.3488010708482,-40.2430426990375
92.3593690314569,-40.2417435076009
92.369600621539,-40.2363389978906
92.3818842402529,-40.2352047691348
92.3922266205945,-40.2349894452333
92.4020466146092,-40.2328372243292
92.413552671884,-40.233203501123
92.4230500618088,-40.2333603851115
92.4323918815095,-40.2306527390411
92.4414165124696,-40.2323161253399
92.4502032943353,-40.2341901617906
92.4589853978334,-40.2356248884273
92.4675803018163,-40.2371721993494
92.4760534553367,-40.2349601306776
92.4843619218744,-40.2349000257611
92.4920199721403,-40.2348164460823
92.4993868241449,-40.2354050950887
92.5065264980238,-40.2342099651616
92.5132313625284,-40.2371412747964
92.519648602385,-40.2340325514617
92.5257607377424,-40.235579887095
92.5330825686904,-40.2335128870929
92.5402956199196,-40.2310143902391
92.5474154414283,-40.2285704093953
92.552542885709,-40.2266980722314
92.5575571271365,-40.228154144492
92.5625402784481,-40.2327538175204
92.5667699635323,-40.2394260273541
92.5709305442648,-40.2425573271822
92.5747460474108,-40.249710700262
92.5783693730786,-40.256133638401
92.5812271198237,-40.2590651671291
92.5836577205802,-40.2583367317127
92.5858732099821,-40.2616740657074
92.5877885232821,-40.2653728661523
92.5893380924859,-40.2651327680261
92.5905965888271,-40.2649800053579
92.5918657537239,-40.268928001899
92.5928346157467,-40.2688516550002
92.5937114377544,-40.2740244270277
92.5944804226492,-40.2753520432298
92.595061235018,-40.280439987446
92.5954628377734,-40.2811464770778
92.595994863888,-40.2822572057621
92.5960325914482,-40.2825227966643
92.5960020597331,-40.2874366873485
92.595961881109,-40.2878956756395
92.5958981910736,-40.2886075347844
92.5959784460414,-40.2897044561843
92.5959271266843,-40.2943086755057
92.595786160581,-40.2952925088629
92.5956421225398,-40.2996851698293
92.5956937623568,-40.3001133403347
92.5957551280488,-40.3005785958202
92.595736070106,-40.3012214150929
92.5956383236537,-40.3019416244199
92.5955956808525,-40.3065218625287
92.5956713690613,-40.30697606069
92.5957704368079,-40.3077778256933
92.595776461229,-40.3081157681026
92.5956766611919,-40.308547592008
92.595606283996,-40.3093456571371
92.5956567502699,-40.3099199137217
92.5956739821612,-40.3105830674394
92.5955529034941,-40.3108768902805
92.5955705844337,-40.3114400138996
92.5955934162386,-40.3123724132057
92.595672661983,-40.3167866129625
92.5957731559271,-40.3175620416647
92.595767710834,-40.3184003836195
92.5958864946889,-40.3193299467355
92.5960625434099,-40.3200751889427
92.5960049561833,-40.3207795960131
92.5960417474925,-40.3216311931663
92.5959431257966,-40.3224852058736
92.5959811462709,-40.3269523949786
92.5961449351819,-40.3277100130624
92.5962402912697,-40.3319410727864
92.5961157921075,-40.3327065664999
92.5962285719012,-40.3334211942165
92.5961619408388,-40.3341428158724
92.5962279570877,-40.3348236502995
92.5962565650577,-40.3356167248026
92.5962687710643,-40.3361015293033
92.5961641244482,-40.3366811290439
92.5961098575285,-40.3373558527834
92.5962924936611,-40.3378717686866
92.5962821966283,-40.3382361488927
92.59642572208,-40.3386558520327
92.5964207652135,-40.3395941096663
92.5963957825634,-40.3399000902098
92.596408239156,-40.340682138676
92.5963829044336,-40.3414484348736
92.596437479521,-40.3420653976768
92.5965769837948,-40.3429217980447
92.596546774102,-40.3429310726526
92.5967144254626,-40.3437493113885
92.5968030199313,-40.3443780906404
92.5967576866556,-40.3488096078255
92.5969243299042,-40.3496457425039
92.5970382684951,-40.3502721924445
92.5970344452458,-40.3508699636649
92.5969066761484,-40.3516964991799
92.5969395472331,-40.3520754446794
92.5970073491494,-40.3528605217463
92.5971067335321,-40.3532987330955
92.597113404437,-40.3539268789107
92.5969767854359,-40.3542900861734
92.5968646982054,-40.3548856529624
92.5969044010576,-40.355305096164
92.5967867090199,-40.3559336050273
92.5969978801265,-40.3563184383095
92.5970873949545,-40.3567575676436
92.5968862945312,-40.3573150286178
92.5968572852517,-40.3617866932262
92.5968201373777,-40.3659773555234
92.5966835411435,-40.3701449432786
92.5965822417012,-40.3709816469504
92.5962366847001,-40.3724558127958
92.595691316127,-40.3734799881358
92.5951353417516,-40.3756296180579
92.594079283495,-40.3775143785458
92.5930672808503,-40.3801564701311
92.5916525736801,-40.3829813353007
92.5900649905396,-40.3856256449118
92.5881604782543,-40.3885398296737
